"Wavelength, micronsWavelength, micronsWavelength, micronsWavelength, micronsWavelength, micronsWavelength, micronsWavelength, micronsWavelength, micronsWavelength, micronsWavelength, micronsWavelength, micronsWavelength, micronsWavelength, micronsWavelength, micronsWavelength, micronsWavelength, micronsWavelength, micronsWavelength, micronsWavelength, micronsWavelength, micronsWavelength, micronsWavelength, micronsWavelength, micronsWavelength, micronsWavelength, micronsWavelength, micronsWavelength, micronsWavelength, micronsWavelength, micronsWavelength, micronsWavelength, micronsWavelength, micronsWavelength, micronsWavelength, micronsWavelength, micronsWavelength, micronsWavelength, micronsWavelength, micronsWavelength, micronsWavelength, micronsWavelength, micronsWavelength, micronsWavelength, micronsWavelength, micronsWavelength, micronsWavelength, micronsWavelength, micronsWavelength, micronsWavelength, micronsWavelength, micronsWavelength, micronsWavelength, micronsWavelength, micronsWavelength, micronsWavelength, micronsWavelength, micronsWavelength, micronsWavelength, micronsWavelength, micronsWavelength, micronsWavelength, micronsWavelength, micronsWavelength, micronsWavelength, micronsWavelength, micronsWavelength, micronsWavelength, micronsWavelength, micronsWavelength, micronsWavelength, micronsWavelength, micronsWavelength, micronsWavelength, micronsWavelength, micronsWavelength, micronsWavelength, micronsWavelength, micronsWavelength, micronsWavelength, micronsWavelength, micronsWavelength, micronsWavelength, micronsWavelength, micronsWavelength, micronsWavelength, micronsWavelength, micronsWavelength, micronsWavelength, micronsWavelength, micronsWavelength, micronsWavelength, micronsWavelength, micronsWavelength, micronsWavelength, micronsWavelength, micronsWavelength, micronsWavelength, micronsWavelength, micronsWavelength, micronsWavelength, micronsWavelength, micronsWavelength, micronsWavelength, micronsWavelength, micronsWavelength, micronsWavelength, micronsWavelength, micronsWavelength, micronsWavelength, micronsWavelength, micronsWavelength, micronsWavelength, micronsWavelength, micronsWavelength, micronsWavelength, micronsWavelength, micronsWavelength, micronsWavelength, micronsWavelength, micronsWavelength, micronsWavelength, micronsWavelength, micronsWavelength, micronsWavelength, micronsWavelength, micronsWavelength, micronsWavelength, micronsWavelength, micronsWavelength, micronsWavelength, micronsWavelength, micronsWavelength, micronsWavelength, micronsWavelength, micronsWavelength, micronsWavelength, micronsWavelength, micronsWavelength, micronsWavelength, micronsWavelength, micronsWavelength, micronsWavelength, micronsWavelength, micronsWavelength, micronsWavelength, micronsWavelength, micronsWavelength, micronsWavelength, micronsWavelength, micronsWavelength, micronsWavelength, micronsWavelength, micronsWavelength, micronsWavelength, micronsWavelength, micronsWavelength, micronsWavelength, micronsWavelength, micronsWavelength, micronsWavelength, micronsWavelength, micronsWavelength, micronsWavelength, micronsWavelength, micronsWavelength, micronsWavelength, micronsWavelength, micronsWavelength, micronsWavelength, micronsWavelength, micronsWavelength, micronsWavelength, micronsWavelength, micronsWavelength, micronsWavelength, micronsWavelength, micronsWavelength, micronsWavelength, micronsWavelength, micronsWavelength, micronsWavelength, micronsWavelength, micronsWavelength, micronsWavelength, micronsWavelength, micronsWavelength, micronsWavelength, micronsWavelength, micronsWavelength, micronsWavelength, micronsWavelength, micronsWavelength, micronsWavelength, micronsWavelength, micronsWavelength, micronsWavelength, micronsWavelength, micronsWavelength, micronsWavelength, micronsWavelength, micronsWavelength, micronsWavelength, micronsWavelength, micronsWavelength, micronsWavelength, micronsWavelength, micronsWavelength, micronsWavelength, micronsWavelength, micronsWavelength, micronsWavelength, micronsWavelength, micronsWavelength, micronsWavelength, micronsWavelength, micronsWavelength, micronsWavelength, micronsWavelength, micronsWavelength, micronsWavelength, micronsWavelength, micronsWavelength, micronsWavelength, micronsWavelength, micronsWavelength, micronsWavelength, micronsWavelength, micronsWavelength, micronsWavelength, micronsWavelength, micronsWavelength, micronsWavelength, micronsWavelength, micronsWavelength, micronsWavelength, micronsWavelength, micronsWavelength, micronsWavelength, micronsWavelength, micronsWavelength, micronsWavelength, micronsWavelength, micronsWavelength, micronsWavelength, micronsWavelength, micronsWavelength, micronsWavelength, micronsWavelength, micronsWavelength, micronsWavelength, micronsWavelength, micronsWavelength, micronsWavelength, micronsWavelength, micronsWavelength, micronsWavelength, micronsWavelength, micronsWavelength, micronsWavelength, micronsWavelength, micronsWavelength, micronsWavelength, micronsWavelength, micronsWavelength, micronsWavelength, micronsWavelength, micronsWavelength, micronsWavelength, micronsWavelength, micronsWavelength, micronsWavelength, micronsWavelength, micronsWavelength, micronsWavelength, micronsWavelength, micronsWavelength, micronsWavelength, micronsWavelength, micronsWavelength, micronsWavelength, micronsWavelength, micronsWavelength, micronsWavelength, micronsWavelength, micronsWavelength, micronsWavelength, micronsWavelength, micronsWavelength, micronsWavelength, micronsWavelength, micronsWavelength, micronsWavelength, micronsWavelength, micronsWavelength, micronsWavelength, micronsWavelength, micronsWavelength, micronsWavelength, micronsWavelength, micronsWavelength, micronsWavelength, micronsWavelength, micronsWavelength, micronsWavelength, micronsWavelength, micronsWavelength, micronsWavelength, micronsWavelength, micronsWavelength, micronsWavelength, micronsWavelength, micronsWavelength, micronsWavelength, micronsWavelength, micronsWavelength, micronsWavelength, micronsWavelength, micronsWavelength, micronsWavelength, micronsWavelength, micronsWavelength, micronsWavelength, micronsWavelength, micronsWavelength, micronsWavelength, micronsWavelength, micronsWavelength, micronsWavelength, micronsWavelength, micronsWavelength, micronsWavelength, micronsWavelength, micronsWavelength, micronsWavelength, micronsWavelength, micronsWavelength, micronsWavelength, micronsWavelength, micronsWavelength, micronsWavelength, micronsWavelength, micronsWavelength, micronsWavelength, micronsWavelength, micronsWavelength, micronsWavelength, micronsWavelength, micronsWavelength, micronsWavelength, micronsWavelength, micronsWavelength, micronsWavelength, micronsWavelength, micronsWavelength, micronsWavelength, micronsWavelength, micronsWavelength, micronsWavelength, micronsWavelength, micronsWavelength, micronsWavelength, micronsWavelength, micronsWavelength, micronsWavelength, micronsWavelength, micronsWavelength, micronsWavelength, micronsWavelength, micronsWavelength, micronsWavelength, micronsWavelength, micronsWavelength, micronsWavelength, micronsWavelength, micronsWavelength, micronsWavelength, micronsWavelength, micronsWavelength, micronsWavelength, micronsWavelength, micronsWavelength, micronsWavelength, micronsWavelength, micronsWavelength, micronsWavelength, micronsWavelength, micronsWavelength, micronsWavelength, micronsWavelength, micronsWavelength, micronsWavelength, micronsWavelength, micronsWavelength, micronsWavelength, micronsWavelength, micronsWavelength, micronsWavelength, micronsWavelength, micronsWavelength, micronsWavelength, micronsWavelength, micronsWavelength, micronsWavelength, micronsWavelength, micronsWavelength, micronsWavelength, micronsWavelength, micronsWavelength, micronsWavelength, micronsWavelength, micronsWavelength, micronsWavelength, micronsWavelength, micronsWavelength, micronsWavelength, micronsWavelength, micronsWavelength, micronsWavelength, micronsWavelength, micronsWavelength, micronsWavelength, micronsWavelength, micronsWavelength, micronsWavelength, micronsWavelength, micronsWavelength, micronsWavelength, micronsWavelength, micronsWavelength, micronsWavelength, micronsWavelength, micronsWavelength, micronsWavelength, micronsWavelength, micronsWavelength, micronsWavelength, micronsWavelength, micronsWavelength, micronsWavelength, micronsWavelength, micronsWavelength, micronsWavelength, micronsWavelength, micronsWavelength, micronsWavelength, micronsWavelength, micronsWavelength, micronsWavelength, micronsWavelength, micronsWavelength, micronsWavelength, micronsWavelength, micronsWavelength, micronsWavelength, micronsWavelength, micronsWavelength, micronsWavelength, micronsWavelength, micronsWavelength, micronsWavelength, micronsWavelength, micronsWavelength, micronsWavelength, micronsWavelength, micronsWavelength, micronsWavelength, micronsWavelength, micronsWavelength, micronsWavelength, micronsWavelength, micronsWavelength, micronsWavelength, micronsWavelength, micronsWavelength, micronsWavelength, micronsWavelength, micronsWavelength, micronsWavelength, micronsWavelength, micronsWavelength, micronsWavelength, micronsWavelength, micronsWavelength, micronsWavelength, micronsWavelength, micronsWavelength, micronsWavelength, micronsWavelength, micronsWavelength, micronsWavelength, micronsWavelength, micronsWavelength, micronsWavelength, micronsWavelength, micronsWavelength, micronsWavelength, micronsWavelength, micronsWavelength, micronsWavelength, micronsWavelength, micronsWavelength, micronsWavelength, micronsWavelength, micronsWavelength, micronsWavelength, micronsWavelength, micronsWavelength, micronsWavelength, micronsWavelength, micronsWavelength, micronsWavelength, micronsWavelength, micronsWavelength, micronsWavelength, micronsWavelength, micronsWavelength, micronsWavelength, micronsWavelength, micronsWavelength, micronsWavelength, micronsWavelength, micronsWavelength, micronsWavelength, micronsWavelength, micronsWavelength, micronsWavelength, micronsWavelength, micronsWavelength, micronsWavelength, micronsWavelength, micronsWavelength, micronsWavelength, micronsWavelength, micronsWavelength, micronsWavelength, micronsWavelength, micronsWavelength, micronsWavelength, micronsWavelength, micronsWavelength, micronsWavelength, micronsWavelength, micronsWavelength, micronsWavelength, micronsWavelength, micronsWavelength, micronsWavelength, micronsWavelength, micronsWavelength, micronsWavelength, micronsWavelength, micronsWavelength, micronsWavelength, micronsWavelength, micronsWavelength, micronsWavelength, micronsWavelength, micronsWavelength, micronsWavelength, micronsWavelength, micronsWavelength, micronsWavelength, micronsWavelength, micronsWavelength, micronsWavelength, micronsWavelength, micronsWavelength, micronsWavelength, micronsWavelength, micronsWavelength, micronsWavelength, micronsWavelength, micronsWavelength, micronsWavelength, micronsWavelength, micronsWavelength, micronsWavelength, micronsWavelength, micronsWavelength, micronsWavelength, micronsWavelength, micronsWavelength, micronsWavelength, micronsWavelength, micronsWavelength, micronsWavelength, micronsWavelength, micronsWavelength, micronsWavelength, micronsWavelength, micronsWavelength, micronsWavelength, micronsWavelength, micronsWavelength, micronsWavelength, micronsWavelength, micronsWavelength, micronsWavelength, micronsWavelength, micronsWavelength, micronsWavelength, micronsWavelength, micronsWavelength, micronsWavelength, micronsWavelength, micronsWavelength, micronsWavelength, micronsWavelength, micronsWavelength, micronsWavelength, micronsWavelength, micronsWavelength, micronsWavelength, micronsWavelength, micronsWavelength, micronsWavelength, micronsWavelength, micronsWavelength, micronsWavelength, micronsWavelength, micronsWavelength, micronsWavelength, micronsWavelength, micronsWavelength, micronsWavelength, micronsWavelength, micronsWavelength, micronsWavelength, micronsWavelength, micronsWavelength, micronsWavelength, micronsWavelength, micronsWavelength, micronsWavelength, micronsWavelength, micronsWavelength, micronsWavelength, micronsWavelength, micronsWavelength, micronsWavelength, micronsWavelength, micronsWavelength, micronsWavelength, micronsWavelength, micronsWavelength, micronsWavelength, micronsWavelength, micronsWavelength, micronsWavelength, micronsWavelength, micronsWavelength, micronsWavelength, micronsWavelength, micronsWavelength, micronsWavelength, micronsWavelength, micronsWavelength, micronsWavelength, micronsWavelength, micronsWavelength, micronsWavelength, micronsWavelength, micronsWavelength, micronsWavelength, micronsWavelength, micronsWavelength, micronsWavelength, micronsWavelength, micronsWavelength, micronsWavelength, micronsWavelength, micronsWavelength, micronsWavelength, micronsWavelength, micronsWavelength, micronsWavelength, micronsWavelength, micronsWavelength, micronsWavelength, micronsWavelength, micronsWavelength, micronsWavelength, micronsWavelength, micronsWavelength, micronsWavelength, micronsWavelength, micronsWavelength, micronsWavelength, micronsWavelength, micronsWavelength, micronsWavelength, micronsWavelength, micronsWavelength, micronsWavelength, micronsWavelength, micronsWavelength, micronsWavelength, micronsWavelength, micronsWavelength, micronsWavelength, micronsWavelength, micronsWavelength, micronsWavelength, micronsWavelength, micronsWavelength, micronsWavelength, micronsWavelength, micronsWavelength, micronsWavelength, micronsWavelength, micronsWavelength, micronsWavelength, micronsWavelength, micronsWavelength, micronsWavelength, micronsWavelength, micronsWavelength, micronsWavelength, micronsWavelength, micronsWavelength, micronsWavelength, micronsWavelength, micronsWavelength, micronsWavelength, micronsWavelength, micronsWavelength, micronsWavelength, micronsWavelength, micronsWavelength, micronsWavelength, micronsWavelength, micronsWavelength, micronsWavelength, micronsWavelength, micronsWavelength, micronsWavelength, micronsWavelength, micronsWavelength, micronsWavelength, micronsWavelength, micronsWavelength, micronsWavelength, micronsWavelength, micronsWavelength, micronsWavelength, micronsWavelength, micronsWavelength, micronsWavelength, micronsWavelength, micronsWavelength, micronsWavelength, micronsWavelength, micronsWavelength, micronsWavelength, micronsWavelength, micronsWavelength, micronsWavelength, micronsWavelength, micronsWavelength, micronsWavelength, micronsWavelength, micronsWavelength, micronsWavelength, micronsWavelength, micronsWavelength, micronsWavelength, micronsWavelength, micronsWavelength, micronsWavelength, micronsWavelength, micronsWavelength, micronsWavelength, micronsWavelength, micronsWavelength, micronsWavelength, micronsWavelength, micronsWavelength, micronsWavelength, micronsWavelength, micronsWavelength, micronsWavelength, micronsWavelength, micronsWavelength, micronsWavelength, micronsWavelength, micronsWavelength, micronsWavelength, micronsWavelength, micronsWavelength, micronsWavelength, micronsWavelength, micronsWavelength, micronsWavelength, micronsWavelength, micronsWavelength, micronsWavelength, micronsWavelength, micronsWavelength, micronsWavelength, micronsWavelength, micronsWavelength, micronsWavelength, micronsWavelength, micronsWavelength, micronsWavelength, micronsWavelength, micronsWavelength, micronsWavelength, micronsWavelength, micronsWavelength, micronsWavelength, micronsWavelength, micronsWavelength, micronsWavelength, micronsWavelength, micronsWavelength, micronsWavelength, micronsWavelength, micronsWavelength, micronsWavelength, micronsWavelength, micronsWavelength, micronsWavelength, micronsWavelength, micronsWavelength, micronsWavelength, micronsWavelength, micronsWavelength, micronsWavelength, micronsWavelength, micronsWavelength, micronsWavelength, micronsWavelength, micronsWavelength, micronsWavelength, micronsWavelength, micronsWavelength, micronsWavelength, micronsWavelength, micronsWavelength, micronsWavelength, micronsWavelength, micronsWavelength, micronsWavelength, micronsWavelength, micronsWavelength, micronsWavelength, micronsWavelength, micronsWavelength, micronsWavelength, micronsWavelength, micronsWavelength, micronsWavelength, micronsWavelength, micronsWavelength, micronsWavelength, micronsWavelength, micronsWavelength, micronsWavelength, micronsWavelength, micronsWavelength, micronsWavelength, micronsWavelength, micronsWavelength, micronsWavelength, micronsWavelength, micronsWavelength, micronsWavelength, micronsWavelength, micronsWavelength, micronsWavelength, micronsWavelength, micronsWavelength, micronsWavelength, micronsWavelength, micronsWavelength, micronsWavelength, micronsWavelength, micronsWavelength, micronsWavelength, micronsWavelength, micronsWavelength, micronsWavelength, micronsWavelength, micronsWavelength, micronsWavelength, micronsWavelength, micronsWavelength, micronsWavelength, micronsWavelength, micronsWavelength, micronsWavelength, micronsWavelength, micronsWavelength, micronsWavelength, micronsWavelength, micronsWavelength, micronsWavelength, micronsWavelength, micronsWavelength, micronsWavelength, micronsWavelength, micronsWavelength, micronsWavelength, micronsWavelength, micronsWavelength, micronsWavelength, micronsWavelength, micronsWavelength, micronsWavelength, micronsWavelength, micronsWavelength, micronsWavelength, micronsWavelength, micronsWavelength, micronsWavelength, micronsWavelength, micronsWavelength, micronsWavelength, micronsWavelength, micronsWavelength, micronsWavelength, micronsWavelength, micronsWavelength, micronsWavelength, micronsWavelength, micronsWavelength, micronsWavelength, micronsWavelength, micronsWavelength, micronsWavelength, micronsWavelength, micronsWavelength, micronsWavelength, micronsWavelength, micronsWavelength, micronsWavelength, micronsWavelength, micronsWavelength, micronsWavelength, micronsWavelength, micronsWavelength, micronsWavelength, micronsWavelength, micronsWavelength, micronsWavelength, micronsWavelength, micronsWavelength, micronsWavelength, micronsWavelength, micronsWavelength, micronsWavelength, micronsWavelength, micronsWavelength, micronsWavelength, micronsWavelength, micronsWavelength, micronsWavelength, micronsWavelength, micronsWavelength, micronsWavelength, micronsWavelength, micronsWavelength, micronsWavelength, micronsWavelength, micronsWavelength, micronsWavelength, micronsWavelength, micronsWavelength, micronsWavelength, micronsWavelength, micronsWavelength, micronsWavelength, micronsWavelength, micronsWavelength, micronsWavelength, micronsWavelength, micronsWavelength, micronsWavelength, micronsWavelength, micronsWavelength, micronsWavelength, micronsWavelength, micronsWavelength, micronsWavelength, micronsWavelength, micronsWavelength, micronsWavelength, micronsWavelength, micronsWavelength, micronsWavelength, micronsWavelength, micronsWavelength, micronsWavelength, micronsWavelength, micronsWavelength, micronsWavelength, micronsWavelength, micronsWavelength, micronsWavelength, microns",E-490 W/m2/micron,,,,,,,,,,,,"Wavelength, nm","Wavelength, µm","Wehrli, W/m2/µm","Wehrli, W/m2/nm"
119.5,0.0619,,,,,,,,,,,,199.5,0.1995,5,0.005
120.5,0.5614,,,,,,,,,,,,200.5,0.2005,7,0.007
121.5,4.901,,,,,,,,,,,,201.5,0.2015,7,0.007
122.5,1.184,,,,,,,,,,,,202.5,0.2025,8,0.008
123.5,0.0477,,,,,,,,,,,,203.5,0.2035,9,0.009
124.5,0.0343,,,,,,,,,,,,204.5,0.2045,9,0.009
125.5,0.0288,,,,,,,,,,,,205.5,0.2055,10,0.01
126.5,0.0352,,,,,,,,,,,,206.5,0.2065,10,0.01
127.5,0.0213,,,,,,,,,,,,207.5,0.2075,11,0.011
128.5,0.0173,,,,,,,,,,,,208.5,0.2085,15,0.015
129.5,0.0399,,,,,,,,,,,,209.5,0.2095,24,0.024
130.5,0.1206,,,,,,,,,,,,210.5,0.2105,28,0.028
131.5,0.0398,,,,,,,,,,,,211.5,0.2115,34,0.034
132.5,0.0413,,,,,,,,,,,,212.5,0.2125,30,0.03
133.5,0.168,,,,,,,,,,,,213.5,0.2135,32,0.032
134.5,0.0457,,,,,,,,,,,,214.5,0.2145,41,0.041
135.5,0.038,,,,,,,,,,,,215.5,0.2155,37,0.037
136.5,0.0309,,,,,,,,,,,,216.5,0.2165,34,0.034
137.5,0.0292,,,,,,,,,,,,217.5,0.2175,36,0.036
138.5,0.0397,,,,,,,,,,,,218.5,0.2185,45,0.045
139.5,0.0756,,,,,,,,,,,,219.5,0.2195,48,0.048
140.5,0.0608,,,,,,,,,,,,220.5,0.2205,48,0.048
141.5,0.0421,,,,,,,,,,,,221.5,0.2215,39,0.039
142.5,0.0468,,,,,,,,,,,,222.5,0.2225,51,0.051
143.5,0.0511,,,,,,,,,,,,223.5,0.2235,66,0.066
144.5,0.0509,,,,,,,,,,,,224.5,0.2245,58,0.058
145.5,0.0554,,,,,,,,,,,,225.5,0.2255,54,0.054
146.5,0.0709,,,,,,,,,,,,226.5,0.2265,41,0.041
147.5,0.0849,,,,,,,,,,,,227.5,0.2275,41,0.041
148.5,0.082,,,,,,,,,,,,228.5,0.2285,54,0.054
149.5,0.0796,,,,,,,,,,,,229.5,0.2295,48,0.048
150.5,0.087,,,,,,,,,,,,230.5,0.2305,56,0.056
151.5,0.0927,,,,,,,,,,,,231.5,0.2315,50,0.05
152.5,0.1163,,,,,,,,,,,,232.5,0.2325,55,0.055
153.5,0.1299,,,,,,,,,,,,233.5,0.2335,46,0.046
154.5,0.2059,,,,,,,,,,,,234.5,0.2345,39,0.039
155.5,0.2144,,,,,,,,,,,,235.5,0.2355,57,0.057
156.5,0.1847,,,,,,,,,,,,236.5,0.2365,49,0.049
157.5,0.1717,,,,,,,,,,,,237.5,0.2375,53,0.053
158.5,0.1675,,,,,,,,,,,,238.5,0.2385,42,0.042
159.5,0.1754,,,,,,,,,,,,239.5,0.2395,46,0.046
160.5,0.1934,,,,,,,,,,,,240.5,0.2405,43,0.043
161.5,0.2228,,,,,,,,,,,,241.5,0.2415,52,0.052
162.5,0.2519,,,,,,,,,,,,242.5,0.2425,72,0.072
163.5,0.2841,,,,,,,,,,,,243.5,0.2435,65,0.065
164.5,0.2973,,,,,,,,,,,,244.5,0.2445,62,0.062
165.5,0.4302,,,,,,,,,,,,245.5,0.2455,51,0.051
166.5,0.3989,,,,,,,,,,,,246.5,0.2465,51,0.051
167.5,0.3875,,,,,,,,,,,,247.5,0.2475,57,0.057
168.5,0.4556,,,,,,,,,,,,248.5,0.2485,45,0.045
169.5,0.5877,,,,,,,,,,,,249.5,0.2495,58,0.058
170.5,0.6616,,,,,,,,,,,,250.5,0.2505,59,0.059
171.5,0.688,,,,,,,,,,,,251.5,0.2515,47,0.047
172.5,0.7252,,,,,,,,,,,,252.5,0.2525,44,0.044
173.5,0.7645,,,,,,,,,,,,253.5,0.2535,55,0.055
174.5,0.9067,,,,,,,,,,,,254.5,0.2545,61,0.061
175.5,1.079,,,,,,,,,,,,255.5,0.2555,89,0.089
176.5,1.22,,,,,,,,,,,,256.5,0.2565,107,0.107
177.5,1.403,,,,,,,,,,,,257.5,0.2575,129,0.129
178.5,1.538,,,,,,,,,,,,258.5,0.2585,134,0.134
179.5,1.576,,,,,,,,,,,,259.5,0.2595,108,0.108
180.5,1.831,,,,,,,,,,,,260.5,0.2605,102,0.102
181.5,2.233,,,,,,,,,,,,261.5,0.2615,103,0.103
182.5,2.243,,,,,,,,,,,,262.5,0.2625,121,0.121
183.5,2.244,,,,,,,,,,,,263.5,0.2635,175,0.175
184.5,2.066,,,,,,,,,,,,264.5,0.2645,274,0.274
185.5,2.311,,,,,,,,,,,,265.5,0.2655,280,0.28
186.5,2.7,,,,,,,,,,,,266.5,0.2665,260,0.26
187.5,3.009,,,,,,,,,,,,267.5,0.2675,270,0.27
188.5,3.291,,,,,,,,,,,,268.5,0.2685,260,0.26
189.5,3.569,,,,,,,,,,,,269.5,0.2695,252,0.252
190.5,3.764,,,,,,,,,,,,270.5,0.2705,293,0.293
191.5,4.165,,,,,,,,,,,,271.5,0.2715,232,0.232
192.5,4.113,,,,,,,,,,,,272.5,0.2725,215,0.215
193.5,3.808,,,,,,,,,,,,273.5,0.2735,204,0.204
194.5,5.21,,,,,,,,,,,,274.5,0.2745,137,0.137
195.5,5.427,,,,,,,,,,,,275.5,0.2755,200,0.2
196.5,6.008,,,,,,,,,,,,276.5,0.2765,258,0.258
197.5,6.191,,,,,,,,,,,,277.5,0.2775,240,0.24
198.5,6.187,,,,,,,,,,,,278.5,0.2785,166,0.166
199.5,6.664,,,,,,,,,,,,279.5,0.2795,89,0.089
200.5,7.326,,,,,,,,,,,,280.5,0.2805,112,0.112
201.5,8.023,,,,,,,,,,,,281.5,0.2815,231,0.231
202.5,8.261,,,,,,,,,,,,282.5,0.2825,307,0.307
203.5,9.217,,,,,,,,,,,,283.5,0.2835,330,0.33
204.5,10.25,,,,,,,,,,,,284.5,0.2845,244,0.244
205.5,10.54,,,,,,,,,,,,285.5,0.2855,141,0.141
206.5,11.08,,,,,,,,,,,,286.5,0.2865,320,0.32
207.5,12.65,,,,,,,,,,,,287.5,0.2875,371,0.371
208.5,15.05,,,,,,,,,,,,288.5,0.2885,307,0.307
209.5,21.38,,,,,,,,,,,,289.5,0.2895,456,0.456
210.5,27.92,,,,,,,,,,,,290.5,0.2905,623,0.623
211.5,33.54,,,,,,,,,,,,291.5,0.2915,600,0.6
212.5,31.3,,,,,,,,,,,,292.5,0.2925,545,0.545
213.5,33.15,,,,,,,,,,,,293.5,0.2935,545,0.545
214.5,40.03,,,,,,,,,,,,294.5,0.2945,509,0.509
215.5,36.15,,,,,,,,,,,,295.5,0.2955,548,0.548
216.5,32.27,,,,,,,,,,,,296.5,0.2965,492,0.492
217.5,35.29,,,,,,,,,,,,297.5,0.2975,531,0.531
218.5,44.37,,,,,,,,,,,,298.5,0.2985,413,0.413
219.5,46.92,,,,,,,,,,,,299.5,0.2995,485,0.485
220.5,47.33,,,,,,,,,,,,300.5,0.3005,403,0.403
221.5,39.58,,,,,,,,,,,,301.5,0.3015,445,0.445
222.5,49.65,,,,,,,,,,,,302.5,0.3025,484,0.484
223.5,63.01,,,,,,,,,,,,303.5,0.3035,631,0.631
224.5,58.97,,,,,,,,,,,,304.5,0.3045,610,0.61
225.5,52.29,,,,,,,,,,,,305.5,0.3055,580,0.58
226.5,39.4,,,,,,,,,,,,306.5,0.3065,575,0.575
227.5,39.92,,,,,,,,,,,,307.5,0.3075,645,0.645
228.5,51.95,,,,,,,,,,,,308.5,0.3085,613,0.613
229.5,47.71,,,,,,,,,,,,309.5,0.3095,484,0.484
230.5,52.12,,,,,,,,,,,,310,0.31,495,0.495
231.5,50.97,,,,,,,,,,,,310.4,0.31039999999999995,507,0.507
232.5,53.26,,,,,,,,,,,,310.8,0.3108,588,0.588
233.5,44.74,,,,,,,,,,,,311.2,0.3112,707,0.707
234.5,38.97,,,,,,,,,,,,311.6,0.31160000000000004,747,0.747
235.5,51.42,,,,,,,,,,,,312,0.312,707,0.707
236.5,48.59,,,,,,,,,,,,312.4,0.31239999999999996,644,0.644
237.5,48.44,,,,,,,,,,,,312.8,0.3128,663,0.663
238.5,41.96,,,,,,,,,,,,313.2,0.3132,710,0.71
239.5,44.12,,,,,,,,,,,,313.6,0.31360000000000005,691,0.691
240.5,39.56,,,,,,,,,,,,314,0.314,689,0.689
241.5,51.48,,,,,,,,,,,,314.4,0.31439999999999996,722,0.722
242.5,70.6,,,,,,,,,,,,314.8,0.3148,673,0.673
243.5,66.53,,,,,,,,,,,,315.2,0.3152,695,0.695
244.5,60.97,,,,,,,,,,,,315.6,0.31560000000000005,765,0.765
245.5,49.39,,,,,,,,,,,,316,0.316,675,0.675
246.5,50.4,,,,,,,,,,,,316.4,0.31639999999999996,569,0.569
247.5,55.5,,,,,,,,,,,,316.8,0.3168,623,0.623
248.5,45.65,,,,,,,,,,,,317.2,0.3172,749,0.749
249.5,56.38,,,,,,,,,,,,317.6,0.31760000000000005,830,0.83
250.5,60.1,,,,,,,,,,,,318,0.318,813,0.813
251.5,46.01,,,,,,,,,,,,318.4,0.31839999999999996,673,0.673
252.5,41.55,,,,,,,,,,,,318.8,0.31880000000000003,642,0.642
253.5,51.55,,,,,,,,,,,,319.2,0.3192,768,0.768
254.5,59.57,,,,,,,,,,,,319.6,0.3196,759,0.759
255.5,79.3,,,,,,,,,,,,320,0.32,712,0.712
256.5,101.8,,,,,,,,,,,,320.4,0.32039999999999996,778,0.778
257.5,125.4,,,,,,,,,,,,320.8,0.32080000000000003,844,0.844
258.5,125.1,,,,,,,,,,,,321.2,0.3212,847,0.847
259.5,104,,,,,,,,,,,,321.6,0.3216,736,0.736
260.5,85.51,,,,,,,,,,,,322,0.322,695,0.695
261.5,89.8,,,,,,,,,,,,322.4,0.32239999999999996,773,0.773
262.5,103.6,,,,,,,,,,,,322.8,0.32280000000000003,758,0.758
263.5,165.8,,,,,,,,,,,,323.2,0.3232,646,0.646
264.5,249.7,,,,,,,,,,,,323.6,0.3236,603,0.603
265.5,252.7,,,,,,,,,,,,324,0.324,604,0.604
266.5,249.4,,,,,,,,,,,,324.4,0.32439999999999997,618,0.618
267.5,250.8,,,,,,,,,,,,324.8,0.32480000000000003,654,0.654
268.5,243.8,,,,,,,,,,,,325.2,0.3252,646,0.646
269.5,238.9,,,,,,,,,,,,325.6,0.3256,682,0.682
270.5,267.3,,,,,,,,,,,,326,0.326,852,0.852
271.5,224.4,,,,,,,,,,,,326.4,0.32639999999999997,1049,1.049
272.5,197.4,,,,,,,,,,,,326.8,0.32680000000000003,1111,1.111
273.5,196.5,,,,,,,,,,,,327.2,0.3272,1108,1.108
274.5,132.6,,,,,,,,,,,,327.6,0.3276,1050,1.05
275.5,175.1,,,,,,,,,,,,328,0.328,965,0.965
276.5,242.8,,,,,,,,,,,,328.4,0.32839999999999997,914,0.914
277.5,233.8,,,,,,,,,,,,328.8,0.32880000000000004,913,0.913
278.5,159.3,,,,,,,,,,,,329.2,0.3292,952,0.952
279.5,85.55,,,,,,,,,,,,329.6,0.3296,1043,1.043
280.5,94.63,,,,,,,,,,,,330,0.33,1144,1.144
281.5,208.3,,,,,,,,,,,,330.4,0.33039999999999997,1137,1.137
282.5,294.1,,,,,,,,,,,,330.5,0.3305,1006,1.006
283.5,313.5,,,,,,,,,,,,331.5,0.3315,968,0.968
284.5,235.3,,,,,,,,,,,,332.5,0.3325,921,0.921
285.5,163.1,,,,,,,,,,,,333.5,0.3335,905,0.905
286.5,322.7,,,,,,,,,,,,334.5,0.3345,940,0.94
287.5,336.3,,,,,,,,,,,,335.5,0.3355,982,0.982
288.5,322.2,,,,,,,,,,,,336.5,0.3365,765,0.765
289.5,472.7,,,,,,,,,,,,337.5,0.3375,866,0.866
290.5,601.3,,,,,,,,,,,,338.5,0.3385,916,0.916
291.5,580.8,,,,,,,,,,,,339.5,0.3395,937,0.937
292.5,521.9,,,,,,,,,,,,340.5,0.3405,992,0.992
293.5,535.5,,,,,,,,,,,,341.5,0.3415,936,0.936
294.5,508.8,,,,,,,,,,,,342.5,0.3425,995,0.995
295.5,553.2,,,,,,,,,,,,343.5,0.3435,985,0.985
296.5,509.6,,,,,,,,,,,,344.5,0.3445,719,0.719
297.5,507.3,,,,,,,,,,,,345.5,0.3455,967,0.967
298.5,465.5,,,,,,,,,,,,346.5,0.3465,919,0.919
299.5,484,,,,,,,,,,,,347.5,0.3475,902,0.902
300.5,420,,,,,,,,,,,,348.5,0.3485,948,0.948
301.5,455.5,,,,,,,,,,,,349.5,0.3495,865,0.865
302.5,489,,,,,,,,,,,,350.5,0.3505,1119,1.119
303.5,620.6,,,,,,,,,,,,351.5,0.3515,993,0.993
304.5,602.5,,,,,,,,,,,,352.5,0.3525,871,0.871
305.5,594.8,,,,,,,,,,,,353.5,0.3535,1115,1.115
306.5,555.7,,,,,,,,,,,,354.5,0.3545,1133,1.133
307.5,615,,,,,,,,,,,,355.5,0.3555,1058,1.058
308.5,611.4,,,,,,,,,,,,356.5,0.3565,938,0.938
309.5,496.5,,,,,,,,,,,,357.5,0.3575,891,0.891
310.5,622.4,,,,,,,,,,,,358.5,0.3585,627,0.627
311.5,729.2,,,,,,,,,,,,359.5,0.3595,1136,1.136
312.5,655.9,,,,,,,,,,,,360.5,0.3605,979,0.979
313.5,699.9,,,,,,,,,,,,361.5,0.3615,894,0.894
314.5,662.9,,,,,,,,,,,,362.5,0.3625,1175,1.175
315.5,633,,,,,,,,,,,,363.5,0.3635,958,0.958
316.5,633.2,,,,,,,,,,,,364.5,0.3645,1014.9999999999999,1.015
317.5,773.9,,,,,,,,,,,,365.5,0.3655,1263,1.263
318.5,664.9,,,,,,,,,,,,366.5,0.3665,1249,1.249
319.5,710.5,,,,,,,,,,,,367.5,0.3675,1214,1.214
320.5,805.1,,,,,,,,,,,,368.5,0.3685,1088,1.088
321.5,699.5,,,,,,,,,,,,369.5,0.3695,1331,1.331
322.5,688.6,,,,,,,,,,,,370.5,0.3705,1075,1.075
323.5,661.3,,,,,,,,,,,,371.5,0.3715,1307,1.307
324.5,760.8,,,,,,,,,,,,372.5,0.3725,1065,1.065
325.5,875.8,,,,,,,,,,,,373.5,0.3735,838,0.838
326.5,979.5,,,,,,,,,,,,374.5,0.3745,878,0.878
327.5,952.7,,,,,,,,,,,,375.5,0.3755,1141,1.141
328.5,917.6,,,,,,,,,,,,376.5,0.3765,1101,1.101
329.5,1061,,,,,,,,,,,,377.5,0.3775,1291,1.291
330.5,1016,,,,,,,,,,,,378.5,0.3785,1341,1.341
331.5,965.7,,,,,,,,,,,,379.5,0.3795,1000,1
332.5,954.9,,,,,,,,,,,,380.5,0.3805,1289,1.289
333.5,921.6,,,,,,,,,,,,381.5,0.3815,1096,1.096
334.5,958.9,,,,,,,,,,,,382.5,0.3825,733,0.733
335.5,943.4,,,,,,,,,,,,383.5,0.3835,684,0.684
336.5,809.5,,,,,,,,,,,,384.5,0.3845,1027,1.027
337.5,841.8,,,,,,,,,,,,385.5,0.3855,954,0.954
338.5,921.5,,,,,,,,,,,,386.5,0.3865,1071,1.071
339.5,958.1,,,,,,,,,,,,387.5,0.3875,966,0.966
340.5,1007,,,,,,,,,,,,388.5,0.3885,912,0.912
341.5,923.8,,,,,,,,,,,,389.5,0.3895,1227,1.227
342.5,993,,,,,,,,,,,,390.5,0.3905,1223,1.223
343.5,950.6,,,,,,,,,,,,391.5,0.3915,1398,1.398
344.5,795.7,,,,,,,,,,,,392.5,0.3925,955,0.955
345.5,939.2,,,,,,,,,,,,393.5,0.3935,489,0.489
346.5,926.4,,,,,,,,,,,,394.5,0.3945,1101,1.101
347.5,901.7,,,,,,,,,,,,395.5,0.3955,1378,1.378
348.5,897.2,,,,,,,,,,,,396.5,0.3965,650,0.65
349.5,889.8,,,,,,,,,,,,397.5,0.3975,1040,1.04
350.5,1050,,,,,,,,,,,,398.5,0.3985,1538,1.538
351.5,979.5,,,,,,,,,,,,399.5,0.3995,1655,1.655
352.5,907.9,,,,,,,,,,,,400.5,0.4005,1649,1.649
353.5,1033,,,,,,,,,,,,401.5,0.4015,1796,1.796
354.5,1111,,,,,,,,,,,,402.5,0.4025,1803,1.803
355.5,1045,,,,,,,,,,,,403.5,0.4035,1658,1.658
356.5,912.3,,,,,,,,,,,,404.5,0.4045,1602,1.602
357.5,796,,,,,,,,,,,,405.5,0.4055,1672,1.672
358.5,693.6,,,,,,,,,,,,406.5,0.4065,1624,1.624
359.5,991.1,,,,,,,,,,,,407.5,0.4075,1545,1.545
360.5,970.8,,,,,,,,,,,,408.5,0.4085,1824,1.824
361.5,878.1,,,,,,,,,,,,409.5,0.4095,1706,1.706
362.5,997.8,,,,,,,,,,,,410.5,0.4105,1502,1.502
363.5,996.9,,,,,,,,,,,,411.5,0.4115,1819,1.819
364.5,1013,,,,,,,,,,,,412.5,0.4125,1791,1.791
365.5,1152,,,,,,,,,,,,413.5,0.4135,1758,1.758
366.5,1233,,,,,,,,,,,,414.5,0.4145,1739,1.739
367.5,1180,,,,,,,,,,,,415.5,0.4155,1736,1.736
368.5,1101,,,,,,,,,,,,416.5,0.4165,1844,1.844
369.5,1226,,,,,,,,,,,,417.5,0.4175,1667,1.667
370.5,1139,,,,,,,,,,,,418.5,0.4185,1686,1.686
371.5,1175,,,,,,,,,,,,419.5,0.4195,1703,1.703
372.5,1054,,,,,,,,,,,,420.5,0.4205,1760,1.76
373.5,920.2,,,,,,,,,,,,421.5,0.4215,1799,1.799
374.5,900.4,,,,,,,,,,,,422.5,0.4225,1584,1.584
375.5,1062,,,,,,,,,,,,423.5,0.4235,1713,1.713
376.5,1085,,,,,,,,,,,,424.5,0.4245,1770,1.77
377.5,1282,,,,,,,,,,,,425.5,0.4255,1697,1.697
378.5,1327,,,,,,,,,,,,426.5,0.4265,1700,1.7
379.5,1066,,,,,,,,,,,,427.5,0.4275,1571,1.571
380.5,1202,,,,,,,,,,,,428.5,0.4285,1589,1.589
381.5,1082,,,,,,,,,,,,429.5,0.4295,1477,1.477
382.5,791.3,,,,,,,,,,,,430.5,0.4305,1136,1.136
383.5,684.1,,,,,,,,,,,,431.5,0.4315,1688,1.688
384.5,959.7,,,,,,,,,,,,432.5,0.4325,1648,1.648
385.5,1008,,,,,,,,,,,,433.5,0.4335,1733,1.733
386.5,1007,,,,,,,,,,,,434.5,0.4345,1672,1.672
387.5,1004,,,,,,,,,,,,435.5,0.4355,1725,1.725
388.5,984.3,,,,,,,,,,,,436.5,0.4365,1931,1.931
389.5,1174,,,,,,,,,,,,437.5,0.4375,1808,1.808
390.5,1247,,,,,,,,,,,,438.5,0.4385,1569,1.569
391.5,1342,,,,,,,,,,,,439.5,0.4395,1827,1.827
392.5,1019,,,,,,,,,,,,440.5,0.4405,1715,1.715
393.5,582.3,,,,,,,,,,,,441.5,0.4415,1933,1.933
394.5,1026,,,,,,,,,,,,442.5,0.4425,1982,1.982
395.5,1314,,,,,,,,,,,,443.5,0.4435,1911,1.911
396.5,854.5,,,,,,,,,,,,444.5,0.4445,1975,1.975
397.5,928.8,,,,,,,,,,,,445.5,0.4455,1823,1.823
398.5,1522,,,,,,,,,,,,446.5,0.4465,1893,1.893
399.5,1663,,,,,,,,,,,,447.5,0.4475,2079,2.079
400.5,1682,,,,,,,,,,,,448.5,0.4485,1975,1.975
401.5,1746,,,,,,,,,,,,449.5,0.4495,2029,2.029
402.5,1759,,,,,,,,,,,,450.5,0.4505,2146,2.146
403.5,1684,,,,,,,,,,,,451.5,0.4515,2111,2.111
404.5,1674,,,,,,,,,,,,452.5,0.4525,1943,1.943
405.5,1667,,,,,,,,,,,,453.5,0.4535,1972,1.972
406.5,1589,,,,,,,,,,,,454.5,0.4545,1981,1.981
407.5,1628,,,,,,,,,,,,455.5,0.4555,2036,2.036
408.5,1735,,,,,,,,,,,,456.5,0.4565,2079,2.079
409.5,1715,,,,,,,,,,,,457.5,0.4575,2102,2.102
410.5,1532,,,,,,,,,,,,458.5,0.4585,1973,1.973
411.5,1817,,,,,,,,,,,,459.5,0.4595,2011.0000000000002,2.011
412.5,1789,,,,,,,,,,,,460.5,0.4605,2041.9999999999998,2.042
413.5,1756,,,,,,,,,,,,461.5,0.4615,2057,2.057
414.5,1737,,,,,,,,,,,,462.5,0.4625,2106,2.106
415.5,1734,,,,,,,,,,,,463.5,0.4635,2041.9999999999998,2.042
416.5,1842,,,,,,,,,,,,464.5,0.4645,1978,1.978
417.5,1665,,,,,,,,,,,,465.5,0.4655,2044,2.044
418.5,1684,,,,,,,,,,,,466.5,0.4665,1923,1.923
419.5,1701,,,,,,,,,,,,467.5,0.4675,2017,2.017
420.5,1757,,,,,,,,,,,,468.5,0.4685,1996,1.996
421.5,1797,,,,,,,,,,,,469.5,0.4695,1992,1.992
422.5,1582,,,,,,,,,,,,470.5,0.4705,1879,1.879
423.5,1711,,,,,,,,,,,,471.5,0.4715,2020,2.02
424.5,1767,,,,,,,,,,,,472.5,0.4725,2043.0000000000002,2.043
425.5,1695,,,,,,,,,,,,473.5,0.4735,1993,1.993
426.5,1698,,,,,,,,,,,,474.5,0.4745,2053,2.053
427.5,1569,,,,,,,,,,,,475.5,0.4755,2017.9999999999998,2.018
428.5,1587,,,,,,,,,,,,476.5,0.4765,1958,1.958
429.5,1475,,,,,,,,,,,,477.5,0.4775,2077,2.077
430.5,1135,,,,,,,,,,,,478.5,0.4785,2011.0000000000002,2.011
431.5,1686,,,,,,,,,,,,479.5,0.4795,2078,2.078
432.5,1646,,,,,,,,,,,,480.5,0.4805,2037,2.037
433.5,1731,,,,,,,,,,,,481.5,0.4815,2092,2.092
434.5,1670,,,,,,,,,,,,482.5,0.4825,2025,2.025
435.5,1723,,,,,,,,,,,,483.5,0.4835,2021,2.021
436.5,1929,,,,,,,,,,,,484.5,0.4845,1971,1.971
437.5,1806,,,,,,,,,,,,485.5,0.4855,1832,1.832
438.5,1567,,,,,,,,,,,,486.5,0.4865,1627,1.627
439.5,1825,,,,,,,,,,,,487.5,0.4875,1832,1.832
440.5,1713,,,,,,,,,,,,488.5,0.4885,1916,1.916
441.5,1931,,,,,,,,,,,,489.5,0.4895,1962,1.962
442.5,1980,,,,,,,,,,,,490.5,0.4905,2009,2.009
443.5,1909,,,,,,,,,,,,491.5,0.4915,1898,1.898
444.5,1973,,,,,,,,,,,,492.5,0.4925,1898,1.898
445.5,1821,,,,,,,,,,,,493.5,0.4935,1890,1.89
446.5,1891,,,,,,,,,,,,494.5,0.4945,2060,2.06
447.5,2077,,,,,,,,,,,,495.5,0.4955,1928,1.928
448.5,1973,,,,,,,,,,,,496.5,0.4965,2019.0000000000002,2.019
449.5,2027,,,,,,,,,,,,497.5,0.4975,2020,2.02
450.5,2144,,,,,,,,,,,,498.5,0.4985,1868,1.868
451.5,2109,,,,,,,,,,,,499.5,0.4995,1972,1.972
452.5,1941,,,,,,,,,,,,500.5,0.5005,1859,1.859
453.5,1970,,,,,,,,,,,,501.5,0.5015,1814,1.814
454.5,1979,,,,,,,,,,,,502.5,0.5025,1896,1.896
455.5,2034,,,,,,,,,,,,503.5,0.5035,1936,1.936
456.5,2077,,,,,,,,,,,,504.5,0.5045,1871,1.871
457.5,2100,,,,,,,,,,,,505.5,0.5055,1995,1.995
458.5,1971,,,,,,,,,,,,506.5,0.5065,1963,1.963
459.5,2009,,,,,,,,,,,,507.5,0.5075,1908,1.908
460.5,2040,,,,,,,,,,,,508.5,0.5085,1921,1.921
461.5,2055,,,,,,,,,,,,509.5,0.5095,1918,1.918
462.5,2104,,,,,,,,,,,,510.5,0.5105,1949,1.949
463.5,2040,,,,,,,,,,,,511.5,0.5115,1999,1.999
464.5,1976,,,,,,,,,,,,512.5,0.5125,1869,1.869
465.5,2042,,,,,,,,,,,,513.5,0.5135,1863,1.863
466.5,1921,,,,,,,,,,,,514.5,0.5145,1876,1.876
467.5,2015,,,,,,,,,,,,515.5,0.5155,1902,1.902
468.5,1994,,,,,,,,,,,,516.5,0.5165,1671,1.671
469.5,1990,,,,,,,,,,,,517.5,0.5175,1728,1.728
470.5,1877,,,,,,,,,,,,518.5,0.5185,1656,1.656
471.5,2018,,,,,,,,,,,,519.5,0.5195,1830,1.83
472.5,2041,,,,,,,,,,,,520.5,0.5205,1833,1.833
473.5,1991,,,,,,,,,,,,521.5,0.5215,1908,1.908
474.5,2051,,,,,,,,,,,,522.5,0.5225,1825,1.825
475.5,2016,,,,,,,,,,,,523.5,0.5235,1896,1.896
476.5,1956,,,,,,,,,,,,524.5,0.5245,1960,1.96
477.5,2075,,,,,,,,,,,,525.5,0.5255,1932,1.932
478.5,2009,,,,,,,,,,,,526.5,0.5265,1676,1.676
479.5,2076,,,,,,,,,,,,527.5,0.5275,1830,1.83
480.5,2035,,,,,,,,,,,,528.5,0.5285,1899,1.899
481.5,2090,,,,,,,,,,,,529.5,0.5295,1920,1.92
482.5,2023,,,,,,,,,,,,530.5,0.5305,1954,1.954
483.5,2019,,,,,,,,,,,,531.5,0.5315,1965,1.965
484.5,1969,,,,,,,,,,,,532.5,0.5325,1773,1.773
485.5,1830,,,,,,,,,,,,533.5,0.5335,1925,1.925
486.5,1625,,,,,,,,,,,,534.5,0.5345,1860,1.86
487.5,1830,,,,,,,,,,,,535.5,0.5355,1992,1.992
488.5,1914,,,,,,,,,,,,536.5,0.5365,1873,1.873
489.5,1960,,,,,,,,,,,,537.5,0.5375,1884,1.884
490.5,2007,,,,,,,,,,,,538.5,0.5385,1906,1.906
491.5,1896,,,,,,,,,,,,539.5,0.5395,1834,1.834
492.5,1896,,,,,,,,,,,,540.5,0.5405,1772,1.772
493.5,1888,,,,,,,,,,,,541.5,0.5415,1883,1.883
494.5,2058,,,,,,,,,,,,542.5,0.5425,1827,1.827
495.5,1926,,,,,,,,,,,,543.5,0.5435,1881,1.881
496.5,2017,,,,,,,,,,,,544.5,0.5445,1881,1.881
497.5,2018,,,,,,,,,,,,545.5,0.5455,1903,1.903
498.5,1866,,,,,,,,,,,,546.5,0.5465,1881,1.881
499.5,1970,,,,,,,,,,,,547.5,0.5475,1835,1.835
500.49999999999994,1857,,,,,,,,,,,,548.5,0.5485,1865,1.865
501.49999999999994,1812,,,,,,,,,,,,549.5,0.5495,1897,1.897
502.49999999999994,1894,,,,,,,,,,,,550.5,0.5505,1864,1.864
503.49999999999994,1934,,,,,,,,,,,,551.5,0.5515,1873,1.873
504.49999999999994,1869,,,,,,,,,,,,552.5,0.5525,1848,1.848
505.49999999999994,1993,,,,,,,,,,,,553.5,0.5535,1884,1.884
506.49999999999994,1961,,,,,,,,,,,,554.5,0.5545,1900,1.9
507.49999999999994,1906,,,,,,,,,,,,555.5,0.5555,1899,1.899
508.49999999999994,1919,,,,,,,,,,,,556.5,0.5565,1823,1.823
509.49999999999994,1916,,,,,,,,,,,,557.5,0.5575,1848,1.848
510.49999999999994,1947,,,,,,,,,,,,558.5,0.5585,1789,1.789
511.49999999999994,1997,,,,,,,,,,,,559.5,0.5595,1810,1.81
512.5,1867,,,,,,,,,,,,560.5,0.5605,1845,1.845
513.5,1861,,,,,,,,,,,,561.5,0.5615,1826,1.826
514.5,1874,,,,,,,,,,,,562.5,0.5625,1852,1.852
515.5,1900,,,,,,,,,,,,563.5,0.5635,1863,1.863
516.5,1669,,,,,,,,,,,,564.5,0.5645,1856,1.856
517.5,1726,,,,,,,,,,,,565.5,0.5655,1800,1.8
518.5,1654,,,,,,,,,,,,566.5,0.5665,1831,1.831
519.5,1828,,,,,,,,,,,,567.5,0.5675,1889,1.889
520.5,1831,,,,,,,,,,,,568.5,0.5685,1812,1.812
521.5,1906,,,,,,,,,,,,569.5,0.5695,1862,1.862
522.5,1823,,,,,,,,,,,,570.5,0.5705,1772,1.772
523.5,1894,,,,,,,,,,,,571.5,0.5715,1825,1.825
524.5,1958,,,,,,,,,,,,572.5,0.5725,1894,1.894
525.5,1930,,,,,,,,,,,,573.5,0.5735,1878,1.878
526.5,1674,,,,,,,,,,,,574.5,0.5745,1869,1.869
527.5,1828,,,,,,,,,,,,575.5,0.5755,1832,1.832
528.5,1897,,,,,,,,,,,,576.5,0.5765,1848,1.848
529.5,1918,,,,,,,,,,,,577.5,0.5775,1859,1.859
530.5,1952,,,,,,,,,,,,578.5,0.5785,1786,1.786
531.5,1963,,,,,,,,,,,,579.5,0.5795,1830,1.83
532.5,1770,,,,,,,,,,,,580.5,0.5805,1840,1.84
533.5,1923,,,,,,,,,,,,581.5,0.5815,1855,1.855
534.5,1858,,,,,,,,,,,,582.5,0.5825,1875,1.875
535.5,1990,,,,,,,,,,,,583.5,0.5835,1859,1.859
536.5,1871,,,,,,,,,,,,584.5,0.5845,1862,1.862
537.5,1882,,,,,,,,,,,,585.5,0.5855,1786,1.786
538.5,1904,,,,,,,,,,,,586.5,0.5865,1832,1.832
539.5,1832,,,,,,,,,,,,587.5,0.5875,1850,1.85
540.5,1769,,,,,,,,,,,,588.5,0.5885,1752,1.752
541.5,1881,,,,,,,,,,,,589.5,0.5895,1614,1.614
542.5,1825,,,,,,,,,,,,590.5,0.5905,1815,1.815
543.5,1879,,,,,,,,,,,,591.5,0.5915,1789,1.789
544.5,1879,,,,,,,,,,,,592.5,0.5925,1810,1.81
545.5,1901,,,,,,,,,,,,593.5,0.5935,1798,1.798
546.5,1879,,,,,,,,,,,,594.5,0.5945,1776,1.776
547.5,1833,,,,,,,,,,,,595.5,0.5955,1785,1.785
548.5,1863,,,,,,,,,,,,596.5,0.5965,1807,1.807
549.5,1895,,,,,,,,,,,,597.5,0.5975,1783,1.783
550.5,1862,,,,,,,,,,,,598.5,0.5985,1760,1.76
551.5,1871,,,,,,,,,,,,599.5,0.5995,1777,1.777
552.5,1846,,,,,,,,,,,,600.5,0.6005,1748,1.748
553.5,1882,,,,,,,,,,,,601.5,0.6015,1753,1.753
554.5,1898,,,,,,,,,,,,602.5,0.6025,1721,1.721
555.5,1897,,,,,,,,,,,,603.5,0.6035,1789,1.789
556.5,1821,,,,,,,,,,,,604.5,0.6045,1779,1.779
557.5,1846,,,,,,,,,,,,605.5,0.6055,1766,1.766
558.5,1787,,,,,,,,,,,,606.5,0.6065,1762,1.762
559.5,1808,,,,,,,,,,,,607.5,0.6075,1760,1.76
560.5,1843,,,,,,,,,,,,608.5,0.6085,1745,1.745
561.5,1824,,,,,,,,,,,,609.5,0.6095,1746,1.746
562.5,1850,,,,,,,,,,,,610.5,0.6105,1705,1.705
563.5,1861,,,,,,,,,,,,611.5,0.6115,1748,1.748
564.5,1854,,,,,,,,,,,,612.5,0.6125,1707,1.707
565.5,1798,,,,,,,,,,,,613.5,0.6135,1685,1.685
566.5,1829,,,,,,,,,,,,614.5,0.6145,1715,1.715
567.5,1887,,,,,,,,,,,,615.5,0.6155,1715,1.715
568.5,1810,,,,,,,,,,,,616.5,0.6165,1611,1.611
569.5,1860,,,,,,,,,,,,617.5,0.6175,1709,1.709
570.5,1769,,,,,,,,,,,,618.5,0.6185,1726,1.726
571.5,1823,,,,,,,,,,,,619.5,0.6195,1709,1.709
572.5,1892,,,,,,,,,,,,620.5,0.6205,1736,1.736
573.5,1876,,,,,,,,,,,,621.5,0.6215,1692,1.692
574.5,1867,,,,,,,,,,,,622.5,0.6225,1715,1.715
575.5,1830,,,,,,,,,,,,623.5,0.6235,1668,1.668
576.5,1846,,,,,,,,,,,,624.5,0.6245,1658,1.658
577.5,1857,,,,,,,,,,,,625.5,0.6255,1634,1.634
578.5,1783,,,,,,,,,,,,626.5,0.6265,1699,1.699
579.5,1828,,,,,,,,,,,,627.5,0.6275,1699,1.699
580.5,1838,,,,,,,,,,,,628.5,0.6285,1699,1.699
581.5,1853,,,,,,,,,,,,629.5,0.6295,1679,1.679
582.5,1873,,,,,,,,,,,,631,0.631,1641,1.641
583.5,1857,,,,,,,,,,,,633,0.633,1653,1.653
584.5,1860,,,,,,,,,,,,635,0.635,1658,1.658
585.5,1783,,,,,,,,,,,,637,0.637,1656,1.656
586.5,1830,,,,,,,,,,,,639,0.639,1653,1.653
587.5,1848,,,,,,,,,,,,641,0.641,1616,1.616
588.5,1750,,,,,,,,,,,,643,0.643,1623,1.623
589.5,1612,,,,,,,,,,,,645,0.645,1629,1.629
590.5,1813,,,,,,,,,,,,647,0.647,1605,1.605
591.5,1787,,,,,,,,,,,,649,0.649,1560,1.56
592.5,1808,,,,,,,,,,,,651,0.651,1608,1.608
593.5,1796,,,,,,,,,,,,653,0.653,1601,1.601
594.5,1773,,,,,,,,,,,,655,0.655,1534,1.534
595.5,1782,,,,,,,,,,,,657,0.657,1386,1.386
596.5,1805,,,,,,,,,,,,659,0.659,1551,1.551
597.5,1780,,,,,,,,,,,,661,0.661,1573,1.573
598.5,1757,,,,,,,,,,,,663,0.663,1557,1.557
599.5,1774,,,,,,,,,,,,665,0.665,1562,1.562
600.5,1746,,,,,,,,,,,,667,0.667,1537,1.537
601.5,1751,,,,,,,,,,,,669,0.669,1548,1.548
602.5,1719,,,,,,,,,,,,671,0.671,1518,1.518
603.5,1787,,,,,,,,,,,,673,0.673,1523,1.523
604.5,1776,,,,,,,,,,,,675,0.675,1512,1.512
605.5,1763,,,,,,,,,,,,677,0.677,1510,1.51
606.5,1759,,,,,,,,,,,,679,0.679,1500,1.5
607.5,1757,,,,,,,,,,,,681,0.681,1494,1.494
608.5,1743,,,,,,,,,,,,683,0.683,1481,1.481
609.5,1744,,,,,,,,,,,,685,0.685,1457,1.457
610.5,1703,,,,,,,,,,,,687,0.687,1469,1.469
611.5,1746,,,,,,,,,,,,689,0.689,1463,1.463
612.5,1705,,,,,,,,,,,,691,0.691,1450,1.45
613.5,1683,,,,,,,,,,,,693,0.693,1450,1.45
614.5,1713,,,,,,,,,,,,695,0.695,1438,1.438
615.5,1713,,,,,,,,,,,,697,0.697,1418,1.418
616.5,1609,,,,,,,,,,,,699,0.699,1427,1.427
617.5,1707,,,,,,,,,,,,701,0.701,1388,1.388
618.5,1724,,,,,,,,,,,,703,0.703,1390,1.39
619.5,1707,,,,,,,,,,,,705,0.705,1417,1.417
620.5,1734,,,,,,,,,,,,707,0.707,1402,1.402
621.5,1690,,,,,,,,,,,,709,0.709,1386,1.386
622.5,1713,,,,,,,,,,,,711,0.711,1387,1.387
623.5,1666,,,,,,,,,,,,713,0.713,1375,1.375
624.5,1656,,,,,,,,,,,,715,0.715,1368,1.368
625.5,1632,,,,,,,,,,,,717,0.717,1355,1.355
626.5,1697,,,,,,,,,,,,719,0.719,1329,1.329
627.5,1697,,,,,,,,,,,,721,0.721,1332,1.332
628.5,1697,,,,,,,,,,,,723,0.723,1349,1.349
629.5,1677,,,,,,,,,,,,725,0.725,1351,1.351
631.0,1639,,,,,,,,,,,,727,0.727,1347,1.347
633.0,1651,,,,,,,,,,,,729,0.729,1320,1.32
635.0,1656,,,,,,,,,,,,731,0.731,1327,1.327
637.0,1654,,,,,,,,,,,,733,0.733,1319,1.319
639.0,1651,,,,,,,,,,,,735,0.735,1310,1.31
641.0,1614,,,,,,,,,,,,737,0.737,1308,1.308
643.0,1621,,,,,,,,,,,,739,0.739,1279,1.279
645.0,1627,,,,,,,,,,,,741,0.741,1259,1.259
647.0,1603,,,,,,,,,,,,743,0.743,1287,1.287
649.0,1558,,,,,,,,,,,,745,0.745,1280,1.28
651.0,1606,,,,,,,,,,,,747,0.747,1284,1.284
653.0,1599,,,,,,,,,,,,749,0.749,1271,1.271
655.0,1532,,,,,,,,,,,,751,0.751,1263,1.263
657.0,1384,,,,,,,,,,,,753,0.753,1260,1.26
659.0,1549,,,,,,,,,,,,755,0.755,1256,1.256
661.0,1571,,,,,,,,,,,,757,0.757,1249,1.249
663.0,1555,,,,,,,,,,,,759,0.759,1241,1.241
665.0,1560,,,,,,,,,,,,761,0.761,1238,1.238
667.0,1535,,,,,,,,,,,,763,0.763,1242,1.242
669.0,1546,,,,,,,,,,,,765,0.765,1222,1.222
671.0,1516,,,,,,,,,,,,767,0.767,1186,1.186
673.0,1521,,,,,,,,,,,,769,0.769,1204,1.204
675.0,1510,,,,,,,,,,,,771,0.771,1205,1.205
677.0,1508,,,,,,,,,,,,773,0.773,1209,1.209
679.0,1498,,,,,,,,,,,,775,0.775,1189,1.189
681.0,1492,,,,,,,,,,,,777,0.777,1197,1.197
683.0,1479,,,,,,,,,,,,779,0.779,1188,1.188
685.0,1455,,,,,,,,,,,,781,0.781,1188,1.188
687.0,1467,,,,,,,,,,,,783,0.783,1177,1.177
689.0,1461,,,,,,,,,,,,785,0.785,1181,1.181
691.0,1448,,,,,,,,,,,,787,0.787,1178,1.178
693.0,1448,,,,,,,,,,,,789,0.789,1175,1.175
695.0,1436,,,,,,,,,,,,791,0.791,1159,1.159
697.0,1416,,,,,,,,,,,,793,0.793,1144,1.144
699.0,1425,,,,,,,,,,,,795,0.795,1135,1.135
701.0,1386,,,,,,,,,,,,797,0.797,1153,1.153
703.0,1388,,,,,,,,,,,,799,0.799,1136,1.136
705.0,1415,,,,,,,,,,,,801,0.801,1143,1.143
707.0,1400,,,,,,,,,,,,803,0.803,1130,1.13
709.0,1384,,,,,,,,,,,,805,0.805,1116,1.116
711.0,1385,,,,,,,,,,,,807,0.807,1121,1.121
713.0,1373,,,,,,,,,,,,809,0.809,1096,1.096
715.0,1366,,,,,,,,,,,,811,0.811,1115,1.115
717.0,1354,,,,,,,,,,,,813,0.813,1116,1.116
719.0,1328,,,,,,,,,,,,815,0.815,1108,1.108
721.0,1331,,,,,,,,,,,,817,0.817,1105,1.105
723.0,1348,,,,,,,,,,,,819,0.819,1065,1.065
725.0,1350,,,,,,,,,,,,821,0.821,1081,1.081
727.0,1346,,,,,,,,,,,,823,0.823,1074,1.074
729.0,1319,,,,,,,,,,,,825,0.825,1076,1.076
731.0,1326,,,,,,,,,,,,827,0.827,1077,1.077
733.0,1318,,,,,,,,,,,,829,0.829,1073,1.073
735.0,1309,,,,,,,,,,,,831,0.831,1069,1.069
737.0,1307,,,,,,,,,,,,833,0.833,1034,1.034
739.0,1278,,,,,,,,,,,,835,0.835,1053,1.053
741.0,1258,,,,,,,,,,,,837,0.837,1052,1.052
743.0,1286,,,,,,,,,,,,839,0.839,1042,1.042
745.0,1279,,,,,,,,,,,,841,0.841,1045,1.045
747.0,1283,,,,,,,,,,,,843,0.843,1028,1.028
749.0,1270,,,,,,,,,,,,845,0.845,1033,1.033
751.0,1262,,,,,,,,,,,,847,0.847,1025,1.025
753.0,1259,,,,,,,,,,,,849,0.849,971,0.971
755.0,1255,,,,,,,,,,,,851,0.851,1002.9999999999999,1.003
757.0,1248,,,,,,,,,,,,853,0.853,973,0.973
759.0,1240,,,,,,,,,,,,855,0.855,877,0.877
761.0,1237,,,,,,,,,,,,857,0.857,1010.9999999999999,1.011
763.0,1241,,,,,,,,,,,,859,0.859,997,0.997
765.0,1221,,,,,,,,,,,,861,0.861,997,0.997
767.0,1185,,,,,,,,,,,,863,0.863,999,0.999
769.0,1203,,,,,,,,,,,,865,0.865,970,0.97
771.0,1204,,,,,,,,,,,,867,0.867,880,0.88
773.0,1208,,,,,,,,,,,,869,0.869,967,0.967
775.0,1188,,,,,,,,,,,,871,0.871,986,0.986
777.0,1196,,,,,,,,,,,,873,0.873,978,0.978
779.0,1187,,,,,,,,,,,,875,0.875,981,0.981
781.0,1187,,,,,,,,,,,,877,0.877,984,0.984
783.0,1176,,,,,,,,,,,,879,0.879,959,0.959
785.0,1180,,,,,,,,,,,,881,0.881,960,0.96
787.0,1177,,,,,,,,,,,,883,0.883,948,0.948
789.0,1174,,,,,,,,,,,,885,0.885,963,0.963
791.0,1158,,,,,,,,,,,,887,0.887,947,0.947
793.0,1143,,,,,,,,,,,,889,0.889,949,0.949
795.0,1134,,,,,,,,,,,,891,0.891,944,0.944
797.0,1152,,,,,,,,,,,,893,0.893,934,0.934
799.0,1135,,,,,,,,,,,,895,0.895,936,0.936
801.0,1142,,,,,,,,,,,,897,0.897,939,0.939
803.0,1129,,,,,,,,,,,,899,0.899,912,0.912
805.0,1115,,,,,,,,,,,,901,0.901,905,0.905
807.0,1120,,,,,,,,,,,,903,0.903,905,0.905
809.0,1095,,,,,,,,,,,,905,0.905,893,0.893
811.0,1114,,,,,,,,,,,,907,0.907,891,0.891
813.0,1115,,,,,,,,,,,,909,0.909,861,0.861
815.0,1107,,,,,,,,,,,,911,0.911,870,0.87
817.0,1104,,,,,,,,,,,,913,0.913,876,0.876
819.0,1063,,,,,,,,,,,,915,0.915,866,0.866
821.0,1080,,,,,,,,,,,,917,0.917,859,0.859
823.0,1073,,,,,,,,,,,,919,0.919,858,0.858
825.0,1075,,,,,,,,,,,,921,0.921,830,0.83
826.0,1080,,,,,,,,,,,,923,0.923,821,0.821
828.0,1081,,,,,,,,,,,,925,0.925,825,0.825
830.0,1063,,,,,,,,,,,,927,0.927,828,0.828
832.0,1051,,,,,,,,,,,,929,0.929,833,0.833
834.0,1041,,,,,,,,,,,,931,0.931,826,0.826
836.0,1052,,,,,,,,,,,,933,0.933,832,0.832
838.0,1044,,,,,,,,,,,,935,0.935,818,0.818
840.0,1040,,,,,,,,,,,,937,0.937,802,0.802
842.0,1036,,,,,,,,,,,,939,0.939,808,0.808
844.0,1024,,,,,,,,,,,,941,0.941,800,0.8
846.0,1028,,,,,,,,,,,,943,0.943,784,0.784
848.0,1023,,,,,,,,,,,,945,0.945,799,0.799
850.0,966,,,,,,,,,,,,947,0.947,793,0.793
852.0,996.1,,,,,,,,,,,,949,0.949,777,0.777
854.0,878,,,,,,,,,,,,951,0.951,778,0.778
856.0,975.5,,,,,,,,,,,,953,0.953,771,0.771
858.0,1005,,,,,,,,,,,,955,0.955,760,0.76
860.0,996.9,,,,,,,,,,,,957,0.957,774,0.774
862.0,994.9,,,,,,,,,,,,959,0.959,771,0.771
864.0,999.3,,,,,,,,,,,,961,0.961,767,0.767
866.0,886.2,,,,,,,,,,,,963,0.963,767,0.767
868.0,939.5,,,,,,,,,,,,965,0.965,764,0.764
870.0,974.7,,,,,,,,,,,,967,0.967,757,0.757
872.0,983.3,,,,,,,,,,,,969,0.969,776,0.776
874.0,971.3,,,,,,,,,,,,971,0.971,763,0.763
876.0,964,,,,,,,,,,,,973,0.973,764,0.764
878.0,974.9,,,,,,,,,,,,975,0.975,750,0.75
880.0,955.4,,,,,,,,,,,,977,0.977,768,0.768
882.0,951.1,,,,,,,,,,,,979,0.979,768,0.768
884.0,957.9,,,,,,,,,,,,981,0.981,762,0.762
886.0,938.3,,,,,,,,,,,,983,0.983,766,0.766
888.0,944.3,,,,,,,,,,,,985,0.985,771,0.771
890.0,953,,,,,,,,,,,,987,0.987,756,0.756
892.0,939.4,,,,,,,,,,,,989,0.989,767,0.767
894.0,933.2,,,,,,,,,,,,991,0.991,764,0.764
896.0,938.7,,,,,,,,,,,,993,0.993,755,0.755
898.0,933.9,,,,,,,,,,,,995,0.995,756,0.756
900.0,915.8,,,,,,,,,,,,997,0.997,743,0.743
902.0,891.6,,,,,,,,,,,,999,0.999,743,0.743
904.0,928.5,,,,,,,,,,,,1002.5,1.0025,745,0.745
906.0,917.6,,,,,,,,,,,,1007.5,1.0075,737,0.737
908.0,902.5,,,,,,,,,,,,1012.5,1.0125,734,0.734
910.0,891.6,,,,,,,,,,,,1017.5,1.0175,721,0.721
912.0,896.7,,,,,,,,,,,,1022.5,1.0225,704,0.704
914.0,907.1,,,,,,,,,,,,1027.5,1.0275,708,0.708
916.0,900.4,,,,,,,,,,,,1032.5,1.0325,688,0.688
918.0,895.1,,,,,,,,,,,,1037.5,1.0375,692,0.692
920.0,890.8,,,,,,,,,,,,1042.5,1.0425,681,0.681
922.0,863,,,,,,,,,,,,1047.5,1.0475,685,0.685
924.0,858.5,,,,,,,,,,,,1052.5,1.0525,661,0.661
926.0,861.2,,,,,,,,,,,,1057.5,1.0575,650,0.65
928.0,876.9,,,,,,,,,,,,1062.5,1.0625,642,0.642
930.0,867.7,,,,,,,,,,,,1067.5,1.0675,643,0.643
932.0,865.1,,,,,,,,,,,,1072.5,1.0725,638,0.638
934.0,864.1,,,,,,,,,,,,1077.5,1.0775,630,0.63
936.0,854.7,,,,,,,,,,,,1082.5,1.0825,620,0.62
938.0,858,,,,,,,,,,,,1087.5,1.0875,614,0.614
940.0,843.8,,,,,,,,,,,,1092.5,1.0925,612,0.612
942.0,825,,,,,,,,,,,,1097.5,1.0975,599,0.599
944.0,832.4,,,,,,,,,,,,1102.5,1.1025,608,0.608
946.0,837.5,,,,,,,,,,,,1107.5,1.1075,601,0.601
948.0,840.7,,,,,,,,,,,,1112.5,1.1125,603,0.603
950.0,836.9,,,,,,,,,,,,1117.5,1.1175,589,0.589
952.0,831.7,,,,,,,,,,,,1122.5,1.1225,579,0.579
954.0,808,,,,,,,,,,,,1127.5,1.1275,569,0.569
956.0,808.2,,,,,,,,,,,,1132.5,1.1325,566,0.566
958.0,818.8,,,,,,,,,,,,1137.5,1.1375,563,0.563
960.0,815.1,,,,,,,,,,,,1142.5,1.1425,557,0.557
962.0,808.9,,,,,,,,,,,,1147.5,1.1475,556,0.556
964.0,801.3,,,,,,,,,,,,1152.5,1.1525,545,0.545
966.0,794.7,,,,,,,,,,,,1157.5,1.1575,554,0.554
968.0,796.9,,,,,,,,,,,,1162.5,1.1625,540,0.54
970.0,795.9,,,,,,,,,,,,1167.5,1.1675,530,0.53
972.0,793.6,,,,,,,,,,,,1172.5,1.1725,533,0.533
974.0,781.5,,,,,,,,,,,,1177.5,1.1775,525,0.525
976.0,782.5,,,,,,,,,,,,1182.5,1.1825,514,0.514
978.0,777.9,,,,,,,,,,,,1187.5,1.1875,512,0.512
980.0,774.6,,,,,,,,,,,,1192.5,1.1925,511,0.511
982.0,776.4,,,,,,,,,,,,1197.5,1.1975,502,0.502
984.0,769.8,,,,,,,,,,,,1202.5,1.2025,496,0.496
986.0,766.1,,,,,,,,,,,,1207.5,1.2075,494,0.494
988.0,761.5,,,,,,,,,,,,1212.5,1.2125,489,0.489
990.0,754.1,,,,,,,,,,,,1217.5,1.2175,500,0.5
992.0,756.7,,,,,,,,,,,,1222.5,1.2225,481,0.481
994.0,755.6,,,,,,,,,,,,1227.5,1.2275,481,0.481
996.0,752.5,,,,,,,,,,,,1232.5,1.2325,484,0.484
998.0,751,,,,,,,,,,,,1237.5,1.2375,477,0.477
1000,747.9,,,,,,,,,,,,1242.5,1.2425,477,0.477
1002.0,746.9,,,,,,,,,,,,1247.5,1.2475,466,0.466
1004.0,726.1,,,,,,,,,,,,1252.5,1.2525,474,0.474
1006.0,713.6,,,,,,,,,,,,1257.5,1.2575,463,0.463
1008.0,733.5,,,,,,,,,,,,1262.5,1.2625,444,0.444
1010.0,731.3,,,,,,,,,,,,1267.5,1.2675,438,0.438
1012.0,726.2,,,,,,,,,,,,1272.5,1.2725,439,0.439
1014.0,721,,,,,,,,,,,,1277.5,1.2775,453,0.453
1016.0,713.9,,,,,,,,,,,,1282.5,1.2825,435,0.435
1018.0,710.7,,,,,,,,,,,,1287.5,1.2875,437,0.437
1020.0,704.1,,,,,,,,,,,,1292.5,1.2925,442,0.442
1022.0,702.1,,,,,,,,,,,,1297.5,1.2975,438,0.438
1024.0,705.4,,,,,,,,,,,,1302.5,1.3025,438,0.438
1026.0,702.7,,,,,,,,,,,,1307.5,1.3075,429,0.429
1028.0,698.9,,,,,,,,,,,,1312.5,1.3125,419,0.419
1030.0,693.7,,,,,,,,,,,,1317.5,1.3175,416,0.416
1032.0,690.5,,,,,,,,,,,,1322.5,1.3225,416,0.416
1034.0,681.7,,,,,,,,,,,,1327.5,1.3275,411,0.411
1036.0,684,,,,,,,,,,,,1332.5,1.3325,405,0.405
1038.0,677.2,,,,,,,,,,,,1337.5,1.3375,400,0.4
1040.0,676.1,,,,,,,,,,,,1342.5,1.3425,398,0.398
1042.0,674.6,,,,,,,,,,,,1347.5,1.3475,394,0.394
1044.0,671.4,,,,,,,,,,,,1352.5,1.3525,387,0.387
1046.0,660,,,,,,,,,,,,1357.5,1.3575,382,0.382
1048.0,664.4,,,,,,,,,,,,1362.5,1.3625,378,0.378
1050.0,662.2,,,,,,,,,,,,1367.5,1.3675,370,0.37
1052.0,658.6,,,,,,,,,,,,1372.5,1.3725,369,0.369
1054.0,654.9,,,,,,,,,,,,1377.5,1.3775,368,0.368
1056.0,655.7,,,,,,,,,,,,1382.5,1.3825,364,0.364
1058.0,645.1,,,,,,,,,,,,1387.5,1.3875,364,0.364
1060.0,641.5,,,,,,,,,,,,1392.5,1.3925,358,0.358
1062.0,643.8,,,,,,,,,,,,1397.5,1.3975,357,0.357
1064.0,645.9,,,,,,,,,,,,1402.5,1.4025,353,0.353
1066.0,639.5,,,,,,,,,,,,1407.5,1.4075,350,0.35
1068.0,631.7,,,,,,,,,,,,1412.5,1.4125,346,0.346
1070.0,624.1,,,,,,,,,,,,1417.5,1.4175,344,0.344
1072.0,632.6,,,,,,,,,,,,1422.5,1.4225,343,0.343
1074.0,627.6,,,,,,,,,,,,1427.5,1.4275,348,0.348
1076.0,628,,,,,,,,,,,,1432.5,1.4325,337,0.337
1078.0,627.2,,,,,,,,,,,,1437.5,1.4375,331,0.331
1080.0,624.7,,,,,,,,,,,,1442.5,1.4425,327,0.327
1082.0,609.9,,,,,,,,,,,,1447.5,1.4475,318,0.318
1084.0,618,,,,,,,,,,,,1452.5,1.4525,323,0.323
1086.0,620.8,,,,,,,,,,,,1457.5,1.4575,307,0.307
1088.0,610.3,,,,,,,,,,,,1462.5,1.4625,317,0.317
1090.0,619.9,,,,,,,,,,,,1467.5,1.4675,311,0.311
1092.0,615.9,,,,,,,,,,,,1472.5,1.4725,311,0.311
1094.0,584.9,,,,,,,,,,,,1477.5,1.4775,307,0.307
1096.0,598.3,,,,,,,,,,,,1482.5,1.4825,303,0.303
1098.0,596.1,,,,,,,,,,,,1487.5,1.4875,298,0.298
1100.0,604.2,,,,,,,,,,,,1492.5,1.4925,303,0.303
1102.0,593.2,,,,,,,,,,,,1497.5,1.4975,300,0.3
1104.0,597.4,,,,,,,,,,,,1502.5,1.5025,296,0.296
1106.0,594.5,,,,,,,,,,,,1507.5,1.5075,295,0.295
1108.0,591.6,,,,,,,,,,,,1512.5,1.5125,290,0.29
1110.0,590.6,,,,,,,,,,,,1517.5,1.5175,290,0.29
1112.0,584.3,,,,,,,,,,,,1522.5,1.5225,286,0.286
1114.0,584.4,,,,,,,,,,,,1527.5,1.5275,290,0.29
1116.0,583.1,,,,,,,,,,,,1532.5,1.5325,282,0.282
1118.0,581.5,,,,,,,,,,,,1537.5,1.5375,274,0.274
1120.0,574.1,,,,,,,,,,,,1542.5,1.5425,275,0.275
1122.0,579.6,,,,,,,,,,,,1547.5,1.5475,274,0.274
1124.0,576.9,,,,,,,,,,,,1552.5,1.5525,273,0.273
1126.0,565.5,,,,,,,,,,,,1557.5,1.5575,272,0.272
1128.0,570,,,,,,,,,,,,1562.5,1.5625,269,0.269
1130.0,565.3,,,,,,,,,,,,1567.5,1.5675,263,0.263
1132.0,567.8,,,,,,,,,,,,1572.5,1.5725,260,0.26
1134.0,563.8,,,,,,,,,,,,1577.5,1.5775,259,0.259
1136.0,565.8,,,,,,,,,,,,1582.5,1.5825,255,0.255
1138.0,556.9,,,,,,,,,,,,1587.5,1.5875,252,0.252
1140.0,553,,,,,,,,,,,,1592.5,1.5925,246,0.246
1142.0,553.1,,,,,,,,,,,,1597.5,1.5975,246,0.246
1144.0,551.4,,,,,,,,,,,,1602.5,1.6025,247,0.247
1146.0,554.8,,,,,,,,,,,,1607.5,1.6075,242,0.242
1148.0,552.5,,,,,,,,,,,,1612.5,1.6125,244,0.244
1150.0,548.9,,,,,,,,,,,,1617.5,1.6175,243,0.243
1152.0,545.8,,,,,,,,,,,,1622.5,1.6225,240,0.24
1154.0,547.9,,,,,,,,,,,,1627.5,1.6275,244,0.244
1156.0,545.5,,,,,,,,,,,,1632.5,1.6325,241,0.241
1158.0,543.5,,,,,,,,,,,,1637.5,1.6375,237,0.237
1160.0,532,,,,,,,,,,,,1642.5,1.6425,234,0.234
1162.0,532.5,,,,,,,,,,,,1647.5,1.6475,235,0.235
1164.0,533.2,,,,,,,,,,,,1652.5,1.6525,234,0.234
1166.0,530.3,,,,,,,,,,,,1657.5,1.6575,234,0.234
1168.0,531.2,,,,,,,,,,,,1662.5,1.6625,233,0.233
1170.0,527.6,,,,,,,,,,,,1667.5,1.6675,229,0.229
1172.0,531.5,,,,,,,,,,,,1672.5,1.6725,228,0.228
1174.0,527.3,,,,,,,,,,,,1677.5,1.6775,220,0.22
1176.0,518.4,,,,,,,,,,,,1682.5,1.6825,221,0.221
1178.0,519,,,,,,,,,,,,1687.5,1.6875,219,0.219
1180.0,523.9,,,,,,,,,,,,1692.5,1.6925,219,0.219
1182.0,515.9,,,,,,,,,,,,1697.5,1.6975,214,0.214
1184.0,510.3,,,,,,,,,,,,1702.5,1.7025,217,0.217
1186.0,518.7,,,,,,,,,,,,1707.5,1.7075,212,0.212
1188.0,507.5,,,,,,,,,,,,1712.5,1.7125,203,0.203
1190.0,508.5,,,,,,,,,,,,1717.5,1.7175,212,0.212
1192.0,516.1,,,,,,,,,,,,1722.5,1.7225,205,0.205
1194.0,514.5,,,,,,,,,,,,1727.5,1.7275,196,0.196
1196.0,508.4,,,,,,,,,,,,1732.5,1.7325,190,0.19
1198.0,494.3,,,,,,,,,,,,1737.5,1.7375,189,0.189
1200.0,500.3,,,,,,,,,,,,1742.5,1.7425,191,0.191
1202.0,506.8,,,,,,,,,,,,1747.5,1.7475,185,0.185
1204.0,494.8,,,,,,,,,,,,1752.5,1.7525,187,0.187
1206.0,503.9,,,,,,,,,,,,1757.5,1.7575,189,0.189
1208.0,489,,,,,,,,,,,,1762.5,1.7625,184,0.184
1210.0,488.2,,,,,,,,,,,,1767.5,1.7675,182,0.182
1212.0,493.3,,,,,,,,,,,,1772.5,1.7725,177,0.177
1214.0,494.2,,,,,,,,,,,,1777.5,1.7775,173,0.173
1216.0,493,,,,,,,,,,,,1782.5,1.7825,171,0.171
1218.0,489.7,,,,,,,,,,,,1787.5,1.7875,170,0.17
1220.0,487.5,,,,,,,,,,,,1792.5,1.7925,169,0.169
1222.0,485.4,,,,,,,,,,,,1797.5,1.7975,173,0.173
1224.0,484.6,,,,,,,,,,,,1802.5,1.8025,169,0.169
1226.0,481.7,,,,,,,,,,,,1807.5,1.8075,168,0.168
1228.0,477.1,,,,,,,,,,,,1812.5,1.8125,160,0.16
1230.0,479.2,,,,,,,,,,,,1817.5,1.8175,160,0.16
1232.0,475,,,,,,,,,,,,1822.5,1.8225,159,0.159
1234.0,472.9,,,,,,,,,,,,1827.5,1.8275,156,0.156
1236.0,471.9,,,,,,,,,,,,1832.5,1.8325,156,0.156
1238.0,470.3,,,,,,,,,,,,1837.5,1.8375,150,0.15
1240.0,465.3,,,,,,,,,,,,1842.5,1.8425,153,0.153
1242.0,464.2,,,,,,,,,,,,1847.5,1.8475,151,0.151
1244.0,461.9,,,,,,,,,,,,1852.5,1.8525,148,0.148
1246.0,463.5,,,,,,,,,,,,1857.5,1.8575,145,0.145
1248.0,463.3,,,,,,,,,,,,1862.5,1.8625,143,0.143
1250.0,462.4,,,,,,,,,,,,1867.5,1.8675,143,0.143
1252.0,457.1,,,,,,,,,,,,1872.5,1.8725,135,0.135
1254.0,457.4,,,,,,,,,,,,1877.5,1.8775,135,0.135
1256.0,455.1,,,,,,,,,,,,1882.5,1.8825,140,0.14
1258.0,453.3,,,,,,,,,,,,1887.5,1.8875,138,0.138
1260.0,453,,,,,,,,,,,,1892.5,1.8925,137,0.137
1262.0,449.7,,,,,,,,,,,,1897.5,1.8975,138,0.138
1264.0,447.8,,,,,,,,,,,,1902.5,1.9025,133,0.133
1266.0,446.7,,,,,,,,,,,,1907.5,1.9075,136,0.136
1268.0,441.7,,,,,,,,,,,,1912.5,1.9125,138,0.138
1270.0,445.3,,,,,,,,,,,,1917.5,1.9175,136,0.136
1272.0,445.2,,,,,,,,,,,,1922.5,1.9225,134,0.134
1274.0,443.1,,,,,,,,,,,,1927.5,1.9275,132,0.132
1276.0,445.1,,,,,,,,,,,,1932.5,1.9325,132,0.132
1278.0,444,,,,,,,,,,,,1937.5,1.9375,131,0.131
1280.0,435.6,,,,,,,,,,,,1942.5,1.9425,129,0.129
1282.0,401.4,,,,,,,,,,,,1947.5,1.9475,127,0.127
1284.0,425.9,,,,,,,,,,,,1952.5,1.9525,126,0.126
1286.0,432.8,,,,,,,,,,,,1957.5,1.9575,122,0.122
1288.0,431.4,,,,,,,,,,,,1962.5,1.9625,126,0.126
1290.0,425.5,,,,,,,,,,,,1967.5,1.9675,125,0.125
1292.0,425.4,,,,,,,,,,,,1972.5,1.9725,125,0.125
1294.0,422.3,,,,,,,,,,,,1977.5,1.9775,129,0.129
1296.0,422.4,,,,,,,,,,,,1982.5,1.9825,125,0.125
1298.0,418.4,,,,,,,,,,,,1987.5,1.9875,123,0.123
1300.0,418.6,,,,,,,,,,,,1992.5,1.9925,121,0.121
1302.0,413.9,,,,,,,,,,,,1997.5,1.9975,123,0.123
1304.0,411.1,,,,,,,,,,,,2002.5,2.0025,116,0.116
1306.0,413.6,,,,,,,,,,,,2012.5,2.0125,114,0.114
1308.0,412.3,,,,,,,,,,,,2022.5,2.0225,113,0.113
1310.0,410.6,,,,,,,,,,,,2032.5,2.0325,110,0.11
1312.0,403.3,,,,,,,,,,,,2042.5,2.0425,107,0.107
1314.0,402.2,,,,,,,,,,,,2052.5,2.0525,104,0.104
1316.0,397.9,,,,,,,,,,,,2062.5,2.0625,100,0.1
1318.0,401.7,,,,,,,,,,,,2077.5,2.0775,101,0.101
1320.0,401.6,,,,,,,,,,,,2092.5,2.0925,98,0.098
1322.0,398.6,,,,,,,,,,,,2107.5,2.1075,93,0.093
1324.0,398.1,,,,,,,,,,,,2122.5,2.1225,87,0.087
1326.0,394.9,,,,,,,,,,,,2137.5,2.1375,85,0.085
1328.0,390.8,,,,,,,,,,,,2152.5,2.1525,81,0.081
1330.0,387.8,,,,,,,,,,,,2167.5,2.1675,80,0.08
1332.0,386.3,,,,,,,,,,,,2182.5,2.1825,75,0.075
1334.0,389.2,,,,,,,,,,,,2197.5,2.1975,73,0.073
1336.0,386.6,,,,,,,,,,,,2212.5,2.2125,75,0.075
1338.0,383.2,,,,,,,,,,,,2227.5,2.2275,75,0.075
1340.0,379,,,,,,,,,,,,2247.5,2.2475,72,0.072
1342.0,380.5,,,,,,,,,,,,2262.5,2.2625,71,0.071
1344.0,379.8,,,,,,,,,,,,2282.5,2.2825,69,0.069
1346.0,377.2,,,,,,,,,,,,2302.5,2.3025,66,0.066
1348.0,376.6,,,,,,,,,,,,2322.5,2.3225,53,0.053
1350.0,372.4,,,,,,,,,,,,2342.5,2.3425,58,0.058
1352.0,374.2,,,,,,,,,,,,2362.5,2.3625,65,0.065
1354.0,372.2,,,,,,,,,,,,2382.5,2.3825,55,0.055
1356.0,367.5,,,,,,,,,,,,2402.5,2.4025,54,0.054
1358.0,368.8,,,,,,,,,,,,2422.5,2.4225,57,0.057
1360.0,367.3,,,,,,,,,,,,2442.5,2.4425,51,0.051
1362.0,367.7,,,,,,,,,,,,2467.5,2.4675,53,0.053
1364.0,365.7,,,,,,,,,,,,2492.5,2.4925,54,0.054
1366.0,365.7,,,,,,,,,,,,2517.5,2.5175,47,0.047
1368.0,362.8,,,,,,,,,,,,2542.5,2.5425,46,0.046
1370.0,359.9,,,,,,,,,,,,2567.5,2.5675,44,0.044
1372.0,362.1,,,,,,,,,,,,2592.5,2.5925,42,0.042
1374.0,361.1,,,,,,,,,,,,2617.5,2.6175,41,0.041
1376.0,356.1,,,,,,,,,,,,2642.5,2.6425,39,0.039
1378.0,358,,,,,,,,,,,,2672.5,2.6725,38,0.038
1380.0,357.9,,,,,,,,,,,,2702.5,2.7025,36,0.036
1382.0,354.5,,,,,,,,,,,,2732.5,2.7325,35,0.035
1384.0,354.7,,,,,,,,,,,,2762.5,2.7625,34,0.034
1386.0,353.2,,,,,,,,,,,,2797.5,2.7975,32,0.032
1388.0,353,,,,,,,,,,,,2832.5,2.8325,31,0.031
1390.0,350.6,,,,,,,,,,,,2867.5,2.8675,29,0.029
1392.0,351.3,,,,,,,,,,,,2907.5,2.9075,28,0.028
1394.0,348.8,,,,,,,,,,,,2947.5,2.9475,26,0.026
1396.0,348.7,,,,,,,,,,,,2987.5,2.9875,25,0.025
1398.0,349.2,,,,,,,,,,,,3025,3.025,24,0.024
1400.0,342.7,,,,,,,,,,,,3075,3.075,23,0.023
1402.0,343.9,,,,,,,,,,,,3125,3.125,21,0.021
1404.0,342.8,,,,,,,,,,,,3175,3.175,20,0.02
1406.0,343.1,,,,,,,,,,,,3235,3.235,19,0.019
1408.0,342.7,,,,,,,,,,,,3295,3.295,18,0.018
1410.0,341.8,,,,,,,,,,,,3355,3.355,16,0.016
1412.0,334.8,,,,,,,,,,,,3425,3.425,15,0.015
1414.0,337.7,,,,,,,,,,,,3495,3.495,14,0.014
1416.0,338.5,,,,,,,,,,,,3575,3.575,13,0.013
1418.0,338.6,,,,,,,,,,,,3665,3.665,12,0.012
1420.0,335.7,,,,,,,,,,,,3755,3.755,11,0.011
1422.0,331.5,,,,,,,,,,,,3855,3.855,10,0.01
1424.0,331.1,,,,,,,,,,,,3965,3.965,9,0.009
1426.0,328.1,,,,,,,,,,,,4085,4.085,8,0.008
1428.0,328.5,,,,,,,,,,,,4225,4.225,7,0.007
1430.0,325.7,,,,,,,,,,,,4385,4.385,6,0.006
1432.0,330,,,,,,,,,,,,4575,4.575,5,0.005
1434.0,328.4,,,,,,,,,,,,4805,4.805,4,0.004
1436.0,328.5,,,,,,,,,,,,5085,5.085,3,0.003
1438.0,328.3,,,,,,,,,,,,5445,5.445,2,0.002
1440.0,318.8,,,,,,,,,,,,5925,5.925,2,0.002
1442.0,318.6,,,,,,,,,,,,6615,6.615,1,0.001
1444.0,319.7,,,,,,,,,,,,7785,7.785,1,0.001
1446.0,321.6,,,,,,,,,,,,10075,10.075,0,0
1448.0,321.6,,,,,,,,,,,,,,,
1450.0,318.7,,,,,,,,,,,,,,,
1452.0,315.4,,,,,,,,,,,,,,,
1454.0,314.3,,,,,,,,,,,,,,,
1456.0,313.1,,,,,,,,,,,,,,,
1458.0,316.7,,,,,,,,,,,,,,,
1460.0,315.6,,,,,,,,,,,,,,,
1462.0,312.1,,,,,,,,,,,,,,,
1464.0,310.5,,,,,,,,,,,,,,,
1466.0,310.8,,,,,,,,,,,,,,,
1468.0,311.4,,,,,,,,,,,,,,,
1470.0,310.2,,,,,,,,,,,,,,,
1472.0,307.3,,,,,,,,,,,,,,,
1474.0,303.4,,,,,,,,,,,,,,,
1476.0,304.8,,,,,,,,,,,,,,,
1478.0,304.4,,,,,,,,,,,,,,,
1480.0,306.8,,,,,,,,,,,,,,,
1482.0,304.4,,,,,,,,,,,,,,,
1484.0,303.9,,,,,,,,,,,,,,,
1486.0,303.3,,,,,,,,,,,,,,,
1488.0,285.5,,,,,,,,,,,,,,,
1490.0,301.5,,,,,,,,,,,,,,,
1492.0,301.8,,,,,,,,,,,,,,,
1494.0,303.3,,,,,,,,,,,,,,,
1496.0,297.2,,,,,,,,,,,,,,,
1498.0,299.4,,,,,,,,,,,,,,,
1500.0,301.1,,,,,,,,,,,,,,,
1502.0,292.4,,,,,,,,,,,,,,,
1504.0,279.9,,,,,,,,,,,,,,,
1506.0,284.8,,,,,,,,,,,,,,,
1508.0,291.9,,,,,,,,,,,,,,,
1510.0,294.7,,,,,,,,,,,,,,,
1512.0,291.3,,,,,,,,,,,,,,,
1514.0,288.3,,,,,,,,,,,,,,,
1516.0,288.2,,,,,,,,,,,,,,,
1518.0,288.4,,,,,,,,,,,,,,,
1520.0,286.6,,,,,,,,,,,,,,,
1522.0,282.4,,,,,,,,,,,,,,,
1524.0,283.5,,,,,,,,,,,,,,,
1526.0,284.6,,,,,,,,,,,,,,,
1528.0,284.6,,,,,,,,,,,,,,,
1530.0,276.5,,,,,,,,,,,,,,,
1532.0,282.3,,,,,,,,,,,,,,,
1534.0,278.4,,,,,,,,,,,,,,,
1536.0,280.6,,,,,,,,,,,,,,,
1538.0,277.3,,,,,,,,,,,,,,,
1540.0,273,,,,,,,,,,,,,,,
1542.0,275.3,,,,,,,,,,,,,,,
1544.0,277.8,,,,,,,,,,,,,,,
1546.0,277.2,,,,,,,,,,,,,,,
1548.0,271.1,,,,,,,,,,,,,,,
1550.0,271.3,,,,,,,,,,,,,,,
1552.0,273.1,,,,,,,,,,,,,,,
1554.0,267.6,,,,,,,,,,,,,,,
1556.0,267.1,,,,,,,,,,,,,,,
1558.0,268.9,,,,,,,,,,,,,,,
1560.0,268.3,,,,,,,,,,,,,,,
1562.0,269.7,,,,,,,,,,,,,,,
1564.0,266.9,,,,,,,,,,,,,,,
1566.0,265.4,,,,,,,,,,,,,,,
1568.0,263.3,,,,,,,,,,,,,,,
1570.0,264.5,,,,,,,,,,,,,,,
1572.0,267.3,,,,,,,,,,,,,,,
1574.0,261,,,,,,,,,,,,,,,
1576.0,253.6,,,,,,,,,,,,,,,
1578.0,254.7,,,,,,,,,,,,,,,
1580.0,265,,,,,,,,,,,,,,,
1582.0,259,,,,,,,,,,,,,,,
1584.0,259.1,,,,,,,,,,,,,,,
1586.0,259.9,,,,,,,,,,,,,,,
1588.0,249,,,,,,,,,,,,,,,
1590.0,240.5,,,,,,,,,,,,,,,
1592.0,252.6,,,,,,,,,,,,,,,
1594.0,258.3,,,,,,,,,,,,,,,
1596.0,250.6,,,,,,,,,,,,,,,
1598.0,254.5,,,,,,,,,,,,,,,
1600.0,251.2,,,,,,,,,,,,,,,
1602.0,248.9,,,,,,,,,,,,,,,
1604.0,249.7,,,,,,,,,,,,,,,
1606.0,247.7,,,,,,,,,,,,,,,
1608.0,249.1,,,,,,,,,,,,,,,
1610.0,240,,,,,,,,,,,,,,,
1612.0,243,,,,,,,,,,,,,,,
1614.0,244.9,,,,,,,,,,,,,,,
1616.0,237.4,,,,,,,,,,,,,,,
1618.0,242.3,,,,,,,,,,,,,,,
1620.0,236.9,,,,,,,,,,,,,,,
1622.0,238.3,,,,,,,,,,,,,,,
1624.0,241.6,,,,,,,,,,,,,,,
1626.0,240.2,,,,,,,,,,,,,,,
1628.0,241.8,,,,,,,,,,,,,,,
1630.0,239.3,,,,,,,,,,,,,,,
1632.0,238.7,,,,,,,,,,,,,,,
1634.0,235.9,,,,,,,,,,,,,,,
1636.0,235.7,,,,,,,,,,,,,,,
1638.0,227.4,,,,,,,,,,,,,,,
1640.0,226.2,,,,,,,,,,,,,,,
1642.0,226.6,,,,,,,,,,,,,,,
1644.0,227.8,,,,,,,,,,,,,,,
1646.0,229.4,,,,,,,,,,,,,,,
1648.0,229.2,,,,,,,,,,,,,,,
1650.0,227.2,,,,,,,,,,,,,,,
1652.0,226.8,,,,,,,,,,,,,,,
1654.0,226.2,,,,,,,,,,,,,,,
1656.0,226,,,,,,,,,,,,,,,
1658.0,225.2,,,,,,,,,,,,,,,
1660.0,224.5,,,,,,,,,,,,,,,
1662.0,224.6,,,,,,,,,,,,,,,
1664.0,222.7,,,,,,,,,,,,,,,
1666.0,221.2,,,,,,,,,,,,,,,
1668.0,219.3,,,,,,,,,,,,,,,
1670.0,222.5,,,,,,,,,,,,,,,
1672.0,217.3,,,,,,,,,,,,,,,
1674.0,219.3,,,,,,,,,,,,,,,
1676.0,216.1,,,,,,,,,,,,,,,
1678.0,216.8,,,,,,,,,,,,,,,
1680.0,208,,,,,,,,,,,,,,,
1682.0,205.4,,,,,,,,,,,,,,,
1684.0,212.9,,,,,,,,,,,,,,,
1686.0,213.1,,,,,,,,,,,,,,,
1688.0,212,,,,,,,,,,,,,,,
1690.0,210.5,,,,,,,,,,,,,,,
1692.0,212.3,,,,,,,,,,,,,,,
1694.0,211.2,,,,,,,,,,,,,,,
1696.0,210,,,,,,,,,,,,,,,
1698.0,208.9,,,,,,,,,,,,,,,
1700.0,206.3,,,,,,,,,,,,,,,
1702.0,204.7,,,,,,,,,,,,,,,
1704.0,205.2,,,,,,,,,,,,,,,
1706.0,205,,,,,,,,,,,,,,,
1708.0,201.7,,,,,,,,,,,,,,,
1710.0,201.3,,,,,,,,,,,,,,,
1712.0,198.2,,,,,,,,,,,,,,,
1714.0,203.7,,,,,,,,,,,,,,,
1716.0,202.2,,,,,,,,,,,,,,,
1718.0,201,,,,,,,,,,,,,,,
1720.0,199.3,,,,,,,,,,,,,,,
1722.0,197.5,,,,,,,,,,,,,,,
1724.0,195.4,,,,,,,,,,,,,,,
1726.0,198.2,,,,,,,,,,,,,,,
1728.0,197.1,,,,,,,,,,,,,,,
1730.0,198.4,,,,,,,,,,,,,,,
1732.0,193.6,,,,,,,,,,,,,,,
1734.0,187.4,,,,,,,,,,,,,,,
1736.0,182.7,,,,,,,,,,,,,,,
1738.0,186.3,,,,,,,,,,,,,,,
1740.0,190.5,,,,,,,,,,,,,,,
1742.0,190.2,,,,,,,,,,,,,,,
1744.0,190.7,,,,,,,,,,,,,,,
1746.0,186.7,,,,,,,,,,,,,,,
1748.0,187.2,,,,,,,,,,,,,,,
1750.0,185.8,,,,,,,,,,,,,,,
1752.0,185,,,,,,,,,,,,,,,
1754.0,185.6,,,,,,,,,,,,,,,
1756.0,184.9,,,,,,,,,,,,,,,
1758.0,184.3,,,,,,,,,,,,,,,
1760.0,183.1,,,,,,,,,,,,,,,
1762.0,179.3,,,,,,,,,,,,,,,
1764.0,180.7,,,,,,,,,,,,,,,
1766.0,181.7,,,,,,,,,,,,,,,
1768.0,180.2,,,,,,,,,,,,,,,
1770.0,179.1,,,,,,,,,,,,,,,
1772.0,179.4,,,,,,,,,,,,,,,
1774.0,179.2,,,,,,,,,,,,,,,
1776.0,176.3,,,,,,,,,,,,,,,
1778.0,174.7,,,,,,,,,,,,,,,
1780.0,175.6,,,,,,,,,,,,,,,
1782.0,174.7,,,,,,,,,,,,,,,
1784.0,173.5,,,,,,,,,,,,,,,
1786.0,173.9,,,,,,,,,,,,,,,
1788.0,174.7,,,,,,,,,,,,,,,
1790.0,173.3,,,,,,,,,,,,,,,
1792.0,172.1,,,,,,,,,,,,,,,
1794.0,170.9,,,,,,,,,,,,,,,
1796.0,170.6,,,,,,,,,,,,,,,
1798.0,170.3,,,,,,,,,,,,,,,
1800.0,169.9,,,,,,,,,,,,,,,
1802.0,167.2,,,,,,,,,,,,,,,
1804.0,168.8,,,,,,,,,,,,,,,
1806.0,168.8,,,,,,,,,,,,,,,
1808.0,168.5,,,,,,,,,,,,,,,
1810.0,168.6,,,,,,,,,,,,,,,
1812.0,167.5,,,,,,,,,,,,,,,
1814.0,165.8,,,,,,,,,,,,,,,
1816.0,160.5,,,,,,,,,,,,,,,
1818.0,152,,,,,,,,,,,,,,,
1820.0,159.6,,,,,,,,,,,,,,,
1822.0,159.8,,,,,,,,,,,,,,,
1824.0,162.4,,,,,,,,,,,,,,,
1826.0,162.8,,,,,,,,,,,,,,,
1828.0,161.1,,,,,,,,,,,,,,,
1830.0,160.6,,,,,,,,,,,,,,,
1832.0,159.3,,,,,,,,,,,,,,,
1834.0,158.5,,,,,,,,,,,,,,,
1836.0,158.1,,,,,,,,,,,,,,,
1838.0,156.2,,,,,,,,,,,,,,,
1840.0,156.2,,,,,,,,,,,,,,,
1842.0,154,,,,,,,,,,,,,,,
1844.0,154.1,,,,,,,,,,,,,,,
1846.0,153.5,,,,,,,,,,,,,,,
1848.0,151,,,,,,,,,,,,,,,
1850.0,154.6,,,,,,,,,,,,,,,
1852.0,153.4,,,,,,,,,,,,,,,
1854.0,152.5,,,,,,,,,,,,,,,
1856.0,150.9,,,,,,,,,,,,,,,
1858.0,152.5,,,,,,,,,,,,,,,
1860.0,150.3,,,,,,,,,,,,,,,
1862.0,150.4,,,,,,,,,,,,,,,
1864.0,150.9,,,,,,,,,,,,,,,
1866.0,149.4,,,,,,,,,,,,,,,
1868.0,149.2,,,,,,,,,,,,,,,
1870.0,150.8,,,,,,,,,,,,,,,
1872.0,147.3,,,,,,,,,,,,,,,
1874.0,140.1,,,,,,,,,,,,,,,
1876.0,129.9,,,,,,,,,,,,,,,
1878.0,144.1,,,,,,,,,,,,,,,
1880.0,146.2,,,,,,,,,,,,,,,
1882.0,147.4,,,,,,,,,,,,,,,
1884.0,146.4,,,,,,,,,,,,,,,
1886.0,143.9,,,,,,,,,,,,,,,
1888.0,145.3,,,,,,,,,,,,,,,
1890.0,142.4,,,,,,,,,,,,,,,
1892.0,140.8,,,,,,,,,,,,,,,
1894.0,139.6,,,,,,,,,,,,,,,
1896.0,137.3,,,,,,,,,,,,,,,
1898.0,139,,,,,,,,,,,,,,,
1900.0,139.7,,,,,,,,,,,,,,,
1902.0,140.9,,,,,,,,,,,,,,,
1904.0,138.6,,,,,,,,,,,,,,,
1906.0,139,,,,,,,,,,,,,,,
1908.0,137.7,,,,,,,,,,,,,,,
1910.0,137.8,,,,,,,,,,,,,,,
1912.0,135.4,,,,,,,,,,,,,,,
1914.0,137,,,,,,,,,,,,,,,
1916.0,136,,,,,,,,,,,,,,,
1918.0,135.3,,,,,,,,,,,,,,,
1920.0,133.3,,,,,,,,,,,,,,,
1922.0,135,,,,,,,,,,,,,,,
1924.0,134.1,,,,,,,,,,,,,,,
1926.0,134.4,,,,,,,,,,,,,,,
1928.0,132.2,,,,,,,,,,,,,,,
1930.0,131.3,,,,,,,,,,,,,,,
1932.0,130.8,,,,,,,,,,,,,,,
1934.0,132,,,,,,,,,,,,,,,
1936.0,132.8,,,,,,,,,,,,,,,
1938.0,132.1,,,,,,,,,,,,,,,
1940.0,129.9,,,,,,,,,,,,,,,
1942.0,129.4,,,,,,,,,,,,,,,
1944.0,120.3,,,,,,,,,,,,,,,
1946.0,119.2,,,,,,,,,,,,,,,
1948.0,127.1,,,,,,,,,,,,,,,
1950.0,126.1,,,,,,,,,,,,,,,
1952.0,125.5,,,,,,,,,,,,,,,
1954.0,128.6,,,,,,,,,,,,,,,
1956.0,127.6,,,,,,,,,,,,,,,
1958.0,127.1,,,,,,,,,,,,,,,
1960.0,126.1,,,,,,,,,,,,,,,
1962.0,124,,,,,,,,,,,,,,,
1964.0,122.2,,,,,,,,,,,,,,,
1966.0,123.1,,,,,,,,,,,,,,,
1968.0,124,,,,,,,,,,,,,,,
1970.0,123.9,,,,,,,,,,,,,,,
1972.0,121.3,,,,,,,,,,,,,,,
1974.0,120.8,,,,,,,,,,,,,,,
1976.0,122.4,,,,,,,,,,,,,,,
1978.0,119.4,,,,,,,,,,,,,,,
1980.0,119.6,,,,,,,,,,,,,,,
1982.0,120.5,,,,,,,,,,,,,,,
1984.0,119.7,,,,,,,,,,,,,,,
1986.0,117.8,,,,,,,,,,,,,,,
1988.0,119.5,,,,,,,,,,,,,,,
1990.0,119.8,,,,,,,,,,,,,,,
1992.0,118,,,,,,,,,,,,,,,
1994.0,116.2,,,,,,,,,,,,,,,
1996.0,117.3,,,,,,,,,,,,,,,
1998.0,115.9,,,,,,,,,,,,,,,
2000,117,,,,,,,,,,,,,,,
2001.9999999999998,116.1,,,,,,,,,,,,,,,
2004.0,114.8,,,,,,,,,,,,,,,
2005.9999999999998,114.7,,,,,,,,,,,,,,,
2008.0,115.4,,,,,,,,,,,,,,,
2009.9999999999998,114.9,,,,,,,,,,,,,,,
2012.0,114.5,,,,,,,,,,,,,,,
2013.9999999999998,113.8,,,,,,,,,,,,,,,
2016.0,113.7,,,,,,,,,,,,,,,
2017.9999999999998,113.4,,,,,,,,,,,,,,,
2020.0,111.6,,,,,,,,,,,,,,,
2021.9999999999998,110.7,,,,,,,,,,,,,,,
2024.0,111.6,,,,,,,,,,,,,,,
2025.9999999999998,111.5,,,,,,,,,,,,,,,
2028.0,110.7,,,,,,,,,,,,,,,
2029.9999999999998,108.6,,,,,,,,,,,,,,,
2032.0,109.8,,,,,,,,,,,,,,,
2033.9999999999998,109.2,,,,,,,,,,,,,,,
2036.0,108.3,,,,,,,,,,,,,,,
2037.9999999999998,106.4,,,,,,,,,,,,,,,
2040.0,107.8,,,,,,,,,,,,,,,
2041.9999999999998,107.6,,,,,,,,,,,,,,,
2044.0,107.6,,,,,,,,,,,,,,,
2045.9999999999998,107.1,,,,,,,,,,,,,,,
2048.0,106.3,,,,,,,,,,,,,,,
2050.0,105.9,,,,,,,,,,,,,,,
2052.0,104.7,,,,,,,,,,,,,,,
2054.0,104.6,,,,,,,,,,,,,,,
2056.0,104.6,,,,,,,,,,,,,,,
2058.0,104,,,,,,,,,,,,,,,
2060.0,102.8,,,,,,,,,,,,,,,
2062.0,102.3,,,,,,,,,,,,,,,
2064.0,100.5,,,,,,,,,,,,,,,
2066.0,102.5,,,,,,,,,,,,,,,
2068.0,101.9,,,,,,,,,,,,,,,
2070.0,100.3,,,,,,,,,,,,,,,
2072.0,100.4,,,,,,,,,,,,,,,
2074.0,100.9,,,,,,,,,,,,,,,
2076.0,100.6,,,,,,,,,,,,,,,
2078.0,100,,,,,,,,,,,,,,,
2080.0,98.78,,,,,,,,,,,,,,,
2082.0,98.64,,,,,,,,,,,,,,,
2084.0,97.72,,,,,,,,,,,,,,,
2086.0,98.52,,,,,,,,,,,,,,,
2088.0,98.35,,,,,,,,,,,,,,,
2090.0,97.88,,,,,,,,,,,,,,,
2092.0,95.67,,,,,,,,,,,,,,,
2094.0,95.93,,,,,,,,,,,,,,,
2096.0,95.8,,,,,,,,,,,,,,,
2098.0,96.2,,,,,,,,,,,,,,,
2100.0,96.06,,,,,,,,,,,,,,,
2102.0,95.77,,,,,,,,,,,,,,,
2104.0,95.59,,,,,,,,,,,,,,,
2106.0,95.74,,,,,,,,,,,,,,,
2108.0,95.13,,,,,,,,,,,,,,,
2110.0,93.96,,,,,,,,,,,,,,,
2112.0,94.52,,,,,,,,,,,,,,,
2114.0,94.36,,,,,,,,,,,,,,,
2116.0,93.31,,,,,,,,,,,,,,,
2118.0,93.11,,,,,,,,,,,,,,,
2120.0,92.75,,,,,,,,,,,,,,,
2122.0,92.75,,,,,,,,,,,,,,,
2124.0,91.89,,,,,,,,,,,,,,,
2126.0,92.08,,,,,,,,,,,,,,,
2128.0,92.25,,,,,,,,,,,,,,,
2130.0,92.09,,,,,,,,,,,,,,,
2132.0,92.1,,,,,,,,,,,,,,,
2134.0,91.55,,,,,,,,,,,,,,,
2136.0,90.12,,,,,,,,,,,,,,,
2138.0,91.1,,,,,,,,,,,,,,,
2140.0,90.83,,,,,,,,,,,,,,,
2142.0,90.64,,,,,,,,,,,,,,,
2144.0,90.06,,,,,,,,,,,,,,,
2146.0,89.39,,,,,,,,,,,,,,,
2148.0,89.79,,,,,,,,,,,,,,,
2150.0,89.57,,,,,,,,,,,,,,,
2152.0,89.13,,,,,,,,,,,,,,,
2154.0,88.78,,,,,,,,,,,,,,,
2156.0,88.74,,,,,,,,,,,,,,,
2158.0,88.42,,,,,,,,,,,,,,,
2160.0,87.81,,,,,,,,,,,,,,,
2162.0,86.86,,,,,,,,,,,,,,,
2164.0,84.56,,,,,,,,,,,,,,,
2166.0,78.49,,,,,,,,,,,,,,,
2168.0,83,,,,,,,,,,,,,,,
2170.0,85.57,,,,,,,,,,,,,,,
2172.0,85.91,,,,,,,,,,,,,,,
2174.0,85.92,,,,,,,,,,,,,,,
2176.0,85.32,,,,,,,,,,,,,,,
2178.0,84.25,,,,,,,,,,,,,,,
2180.0,84.97,,,,,,,,,,,,,,,
2182.0,84.25,,,,,,,,,,,,,,,
2184.0,84.57,,,,,,,,,,,,,,,
2186.0,84.65,,,,,,,,,,,,,,,
2188.0,82.77,,,,,,,,,,,,,,,
2190.0,83.04,,,,,,,,,,,,,,,
2192.0,83.77,,,,,,,,,,,,,,,
2194.0,83.49,,,,,,,,,,,,,,,
2196.0,83.18,,,,,,,,,,,,,,,
2198.0,82.99,,,,,,,,,,,,,,,
2200.0,82.65,,,,,,,,,,,,,,,
2202.0,82.3,,,,,,,,,,,,,,,
2204.0,82.11,,,,,,,,,,,,,,,
2206.0,79.66,,,,,,,,,,,,,,,
2208.0,79.66,,,,,,,,,,,,,,,
2210.0,80.8,,,,,,,,,,,,,,,
2212.0,81.05,,,,,,,,,,,,,,,
2214.0,80.72,,,,,,,,,,,,,,,
2216.0,79.94,,,,,,,,,,,,,,,
2218.0,79.7,,,,,,,,,,,,,,,
2220.0,79.97,,,,,,,,,,,,,,,
2222.0,79.62,,,,,,,,,,,,,,,
2224.0,79.26,,,,,,,,,,,,,,,
2226.0,78.11,,,,,,,,,,,,,,,
2228.0,78.26,,,,,,,,,,,,,,,
2230.0,78.31,,,,,,,,,,,,,,,
2232.0,78.15,,,,,,,,,,,,,,,
2234.0,78.02,,,,,,,,,,,,,,,
2236.0,77.58,,,,,,,,,,,,,,,
2238.0,76.48,,,,,,,,,,,,,,,
2240.0,76.39,,,,,,,,,,,,,,,
2242.0,76.42,,,,,,,,,,,,,,,
2244.0,76.24,,,,,,,,,,,,,,,
2246.0,76.12,,,,,,,,,,,,,,,
2248.0,75.2,,,,,,,,,,,,,,,
2250.0,75.41,,,,,,,,,,,,,,,
2252.0,75.12,,,,,,,,,,,,,,,
2254.0,74.02,,,,,,,,,,,,,,,
2256.0,74.22,,,,,,,,,,,,,,,
2258.0,74.41,,,,,,,,,,,,,,,
2260.0,74.21,,,,,,,,,,,,,,,
2262.0,72.99,,,,,,,,,,,,,,,
2264.0,73.29,,,,,,,,,,,,,,,
2266.0,73.15,,,,,,,,,,,,,,,
2268.0,73.27,,,,,,,,,,,,,,,
2270.0,72.97,,,,,,,,,,,,,,,
2272.0,72.77,,,,,,,,,,,,,,,
2274.0,72.52,,,,,,,,,,,,,,,
2276.0,72.39,,,,,,,,,,,,,,,
2278.0,72.42,,,,,,,,,,,,,,,
2280.0,71.65,,,,,,,,,,,,,,,
2282.0,70.07,,,,,,,,,,,,,,,
2284.0,71.25,,,,,,,,,,,,,,,
2286.0,71.24,,,,,,,,,,,,,,,
2288.0,71.27,,,,,,,,,,,,,,,
2290.0,71.1,,,,,,,,,,,,,,,
2292.0,70.67,,,,,,,,,,,,,,,
2294.0,69.2,,,,,,,,,,,,,,,
2296.0,69.08,,,,,,,,,,,,,,,
2298.0,69.19,,,,,,,,,,,,,,,
2300.0,69.53,,,,,,,,,,,,,,,
2302.0,69.55,,,,,,,,,,,,,,,
2304.0,69.31,,,,,,,,,,,,,,,
2306.0,69.23,,,,,,,,,,,,,,,
2308.0,69.01,,,,,,,,,,,,,,,
2310.0,68.7,,,,,,,,,,,,,,,
2312.0,68.67,,,,,,,,,,,,,,,
2314.0,68.26,,,,,,,,,,,,,,,
2316.0,67.79,,,,,,,,,,,,,,,
2318.0,67.45,,,,,,,,,,,,,,,
2320.0,67.68,,,,,,,,,,,,,,,
2322.0,66.75,,,,,,,,,,,,,,,
2324.0,65.36,,,,,,,,,,,,,,,
2326.0,65.59,,,,,,,,,,,,,,,
2328.0,66.29,,,,,,,,,,,,,,,
2330.0,66.16,,,,,,,,,,,,,,,
2332.0,65.84,,,,,,,,,,,,,,,
2334.0,65.71,,,,,,,,,,,,,,,
2336.0,65.36,,,,,,,,,,,,,,,
2338.0,64.96,,,,,,,,,,,,,,,
2340.0,65.2,,,,,,,,,,,,,,,
2342.0,65.39,,,,,,,,,,,,,,,
2344.0,65.09,,,,,,,,,,,,,,,
2346.0,64.86,,,,,,,,,,,,,,,
2348.0,64.72,,,,,,,,,,,,,,,
2350.0,64.53,,,,,,,,,,,,,,,
2352.0,62.89,,,,,,,,,,,,,,,
2354.0,62.39,,,,,,,,,,,,,,,
2356.0,62.82,,,,,,,,,,,,,,,
2358.0,62.66,,,,,,,,,,,,,,,
2360.0,63.08,,,,,,,,,,,,,,,
2362.0,63.05,,,,,,,,,,,,,,,
2364.0,62.95,,,,,,,,,,,,,,,
2366.0,62.84,,,,,,,,,,,,,,,
2368.0,62.63,,,,,,,,,,,,,,,
2370.0,62.11,,,,,,,,,,,,,,,
2372.0,62.07,,,,,,,,,,,,,,,
2374.0,60.66,,,,,,,,,,,,,,,
2376.0,61.64,,,,,,,,,,,,,,,
2378.0,61.92,,,,,,,,,,,,,,,
2380.0,61.72,,,,,,,,,,,,,,,
2382.0,60.98,,,,,,,,,,,,,,,
2384.0,58.85,,,,,,,,,,,,,,,
2386.0,59.08,,,,,,,,,,,,,,,
2388.0,60.04,,,,,,,,,,,,,,,
2390.0,60.29,,,,,,,,,,,,,,,
2392.0,60.08,,,,,,,,,,,,,,,
2394.0,60.03,,,,,,,,,,,,,,,
2396.0,59.96,,,,,,,,,,,,,,,
2398.0,59.89,,,,,,,,,,,,,,,
2400.0,59.44,,,,,,,,,,,,,,,
2402.0,59.65,,,,,,,,,,,,,,,
2404.0,59.45,,,,,,,,,,,,,,,
2406.0,59.19,,,,,,,,,,,,,,,
2408.0,59.15,,,,,,,,,,,,,,,
2410.0,59.02,,,,,,,,,,,,,,,
2412.0,58.94,,,,,,,,,,,,,,,
2414.0,57.34,,,,,,,,,,,,,,,
2416.0,55.99,,,,,,,,,,,,,,,
2418.0,57.48,,,,,,,,,,,,,,,
2420.0,57.7,,,,,,,,,,,,,,,
2422.0,57.67,,,,,,,,,,,,,,,
2424.0,57.26,,,,,,,,,,,,,,,
2426.0,57.17,,,,,,,,,,,,,,,
2428.0,57.12,,,,,,,,,,,,,,,
2430.0,57.12,,,,,,,,,,,,,,,
2432.0,57.02,,,,,,,,,,,,,,,
2434.0,56.41,,,,,,,,,,,,,,,
2436.0,56.18,,,,,,,,,,,,,,,
2438.0,55.99,,,,,,,,,,,,,,,
2440.0,56.39,,,,,,,,,,,,,,,
2442.0,56.17,,,,,,,,,,,,,,,
2444.0,56.03,,,,,,,,,,,,,,,
2446.0,54.98,,,,,,,,,,,,,,,
2448.0,54.57,,,,,,,,,,,,,,,
2450.0,54.62,,,,,,,,,,,,,,,
2452.0,54.32,,,,,,,,,,,,,,,
2454.0,54.55,,,,,,,,,,,,,,,
2456.0,53.7,,,,,,,,,,,,,,,
2458.0,53.92,,,,,,,,,,,,,,,
2460.0,54.57,,,,,,,,,,,,,,,
2462.0,54.42,,,,,,,,,,,,,,,
2464.0,54.35,,,,,,,,,,,,,,,
2466.0,54.05,,,,,,,,,,,,,,,
2468.0,53.9,,,,,,,,,,,,,,,
2470.0,52.85,,,,,,,,,,,,,,,
2472.0,53.3,,,,,,,,,,,,,,,
2474.0,53.13,,,,,,,,,,,,,,,
2476.0,53.43,,,,,,,,,,,,,,,
2478.0,53.03,,,,,,,,,,,,,,,
2480.0,51.77,,,,,,,,,,,,,,,
2482.0,51.4,,,,,,,,,,,,,,,
2484.0,52.19,,,,,,,,,,,,,,,
2486.0,51.6,,,,,,,,,,,,,,,
2488.0,51.69,,,,,,,,,,,,,,,
2490.0,52.25,,,,,,,,,,,,,,,
2492.0,51.98,,,,,,,,,,,,,,,
2494.0,51.75,,,,,,,,,,,,,,,
2496.0,51.52,,,,,,,,,,,,,,,
2498.0,51.54,,,,,,,,,,,,,,,
2500.0,51.55,,,,,,,,,,,,,,,
2520.0,49.84,,,,,,,,,,,,,,,
2540.0,48.14,,,,,,,,,,,,,,,
2560.0,46.72,,,,,,,,,,,,,,,
2580.0,45.5,,,,,,,,,,,,,,,
2600.0,44.57,,,,,,,,,,,,,,,
2620.0,43.05,,,,,,,,,,,,,,,
2640.0,42.11,,,,,,,,,,,,,,,
2660.0,40.79,,,,,,,,,,,,,,,
2680.0,39.68,,,,,,,,,,,,,,,
2700.0,38.67,,,,,,,,,,,,,,,
2720.0,37.63,,,,,,,,,,,,,,,
2740.0,36.63,,,,,,,,,,,,,,,
2760.0,35.46,,,,,,,,,,,,,,,
2780.0,34.68,,,,,,,,,,,,,,,
2800.0,33.85,,,,,,,,,,,,,,,
2820.0,32.97,,,,,,,,,,,,,,,
2840.0,32.09,,,,,,,,,,,,,,,
2860.0,31.19,,,,,,,,,,,,,,,
2880.0,30.32,,,,,,,,,,,,,,,
2900.0,29.69,,,,,,,,,,,,,,,
2920.0,28.9,,,,,,,,,,,,,,,
2940.0,28.17,,,,,,,,,,,,,,,
2960.0,27.5,,,,,,,,,,,,,,,
2980.0,26.82,,,,,,,,,,,,,,,
3000,26.12,,,,,,,,,,,,,,,
3020.0,25.47,,,,,,,,,,,,,,,
3040.0,24.65,,,,,,,,,,,,,,,
3060.0,24.22,,,,,,,,,,,,,,,
3080.0,23.64,,,,,,,,,,,,,,,
3100.0,23.06,,,,,,,,,,,,,,,
3120.0,22.46,,,,,,,,,,,,,,,
3140.0,21.98,,,,,,,,,,,,,,,
3160.0,21.44,,,,,,,,,,,,,,,
3180.0,20.96,,,,,,,,,,,,,,,
3200.0,20.48,,,,,,,,,,,,,,,
3220.0,20,,,,,,,,,,,,,,,
3240.0,19.51,,,,,,,,,,,,,,,
3260.0,19.07,,,,,,,,,,,,,,,
3280.0,18.58,,,,,,,,,,,,,,,
3300.0,18.02,,,,,,,,,,,,,,,
3320.0,17.68,,,,,,,,,,,,,,,
3340.0,17.37,,,,,,,,,,,,,,,
3360.0,16.97,,,,,,,,,,,,,,,
3380.0,16.59,,,,,,,,,,,,,,,
3400.0,16.15,,,,,,,,,,,,,,,
3420.0,15.84,,,,,,,,,,,,,,,
3440.0,15.54,,,,,,,,,,,,,,,
3460.0,15.2,,,,,,,,,,,,,,,
3480.0,14.86,,,,,,,,,,,,,,,
3500.0,14.56,,,,,,,,,,,,,,,
3520.0,14.25,,,,,,,,,,,,,,,
3540.0,13.93,,,,,,,,,,,,,,,
3560.0,13.62,,,,,,,,,,,,,,,
3580.0,13.34,,,,,,,,,,,,,,,
3600.0,13.07,,,,,,,,,,,,,,,
3620.0,12.81,,,,,,,,,,,,,,,
3640.0,12.51,,,,,,,,,,,,,,,
3660.0,12.22,,,,,,,,,,,,,,,
3680.0,11.93,,,,,,,,,,,,,,,
3700.0,11.62,,,,,,,,,,,,,,,
3720.0,11.45,,,,,,,,,,,,,,,
3740.0,11.08,,,,,,,,,,,,,,,
3760.0,10.96,,,,,,,,,,,,,,,
3780.0,10.78,,,,,,,,,,,,,,,
3800.0,10.57,,,,,,,,,,,,,,,
3820.0,10.38,,,,,,,,,,,,,,,
3840.0,10.19,,,,,,,,,,,,,,,
3860.0,9.983,,,,,,,,,,,,,,,
3880.0,9.782,,,,,,,,,,,,,,,
3900.0,9.599,,,,,,,,,,,,,,,
3920.0,9.427,,,,,,,,,,,,,,,
3940.0,9.233,,,,,,,,,,,,,,,
3960.0,9.032,,,,,,,,,,,,,,,
3980.0,8.857,,,,,,,,,,,,,,,
4000,8.669,,,,,,,,,,,,,,,
4019.9999999999995,8.557,,,,,,,,,,,,,,,
4040.0,8.385,,,,,,,,,,,,,,,
4059.9999999999995,8.217,,,,,,,,,,,,,,,
4080.0,8.054,,,,,,,,,,,,,,,
4100.0,7.894,,,,,,,,,,,,,,,
4120.0,7.739,,,,,,,,,,,,,,,
4140.0,7.587,,,,,,,,,,,,,,,
4160.0,7.439,,,,,,,,,,,,,,,
4180.0,7.294,,,,,,,,,,,,,,,
4200.0,7.153,,,,,,,,,,,,,,,
4220.0,7.015,,,,,,,,,,,,,,,
4240.0,6.881,,,,,,,,,,,,,,,
4260.0,6.749,,,,,,,,,,,,,,,
4280.0,6.621,,,,,,,,,,,,,,,
4300.0,6.496,,,,,,,,,,,,,,,
4320.0,6.374,,,,,,,,,,,,,,,
4340.0,6.254,,,,,,,,,,,,,,,
4360.0,6.138,,,,,,,,,,,,,,,
4380.0,6.024,,,,,,,,,,,,,,,
4400.0,5.913,,,,,,,,,,,,,,,
4420.0,5.804,,,,,,,,,,,,,,,
4440.0,5.698,,,,,,,,,,,,,,,
4460.0,5.594,,,,,,,,,,,,,,,
4480.0,5.492,,,,,,,,,,,,,,,
4500.0,5.393,,,,,,,,,,,,,,,
4520.0,5.296,,,,,,,,,,,,,,,
4540.0,5.201,,,,,,,,,,,,,,,
4560.0,5.108,,,,,,,,,,,,,,,
4580.0,5.018,,,,,,,,,,,,,,,
4600.0,4.929,,,,,,,,,,,,,,,
4620.0,4.842,,,,,,,,,,,,,,,
4640.0,4.757,,,,,,,,,,,,,,,
4660.0,4.674,,,,,,,,,,,,,,,
4680.0,4.593,,,,,,,,,,,,,,,
4700.0,4.514,,,,,,,,,,,,,,,
4720.0,4.436,,,,,,,,,,,,,,,
4740.0,4.36,,,,,,,,,,,,,,,
4760.0,4.285,,,,,,,,,,,,,,,
4780.0,4.212,,,,,,,,,,,,,,,
4800.0,4.141,,,,,,,,,,,,,,,
4820.0,4.071,,,,,,,,,,,,,,,
4840.0,4.003,,,,,,,,,,,,,,,
4860.0,3.936,,,,,,,,,,,,,,,
4880.0,3.87,,,,,,,,,,,,,,,
4900.0,3.806,,,,,,,,,,,,,,,
4920.0,3.743,,,,,,,,,,,,,,,
4940.0,3.681,,,,,,,,,,,,,,,
4960.0,3.621,,,,,,,,,,,,,,,
4980.0,3.562,,,,,,,,,,,,,,,
5000,3.504,,,,,,,,,,,,,,,
5050.0,3.394,,,,,,,,,,,,,,,
5100.0,3.267,,,,,,,,,,,,,,,
5150.0,3.146,,,,,,,,,,,,,,,
5200.0,3.03,,,,,,,,,,,,,,,
5250.0,2.92,,,,,,,,,,,,,,,
5300.0,2.815,,,,,,,,,,,,,,,
5350.0,2.715,,,,,,,,,,,,,,,
5400.0,2.619,,,,,,,,,,,,,,,
5450.0,2.527,,,,,,,,,,,,,,,
5500.0,2.439,,,,,,,,,,,,,,,
5550.0,2.355,,,,,,,,,,,,,,,
5600.0,2.275,,,,,,,,,,,,,,,
5650.0,2.198,,,,,,,,,,,,,,,
5700.0,2.124,,,,,,,,,,,,,,,
5750.0,2.054,,,,,,,,,,,,,,,
5800.0,1.986,,,,,,,,,,,,,,,
5850.0,1.921,,,,,,,,,,,,,,,
5900.0,1.859,,,,,,,,,,,,,,,
5950.0,1.799,,,,,,,,,,,,,,,
6000,1.742,,,,,,,,,,,,,,,
6050.0,1.687,,,,,,,,,,,,,,,
6100.0,1.634,,,,,,,,,,,,,,,
6150.0,1.583,,,,,,,,,,,,,,,
6200.0,1.534,,,,,,,,,,,,,,,
6250.0,1.487,,,,,,,,,,,,,,,
6300.0,1.442,,,,,,,,,,,,,,,
6350.0,1.399,,,,,,,,,,,,,,,
6400.0,1.357,,,,,,,,,,,,,,,
6450.0,1.317,,,,,,,,,,,,,,,
6500.0,1.278,,,,,,,,,,,,,,,
6550.0,1.24,,,,,,,,,,,,,,,
6600.0,1.204,,,,,,,,,,,,,,,
6650.0,1.17,,,,,,,,,,,,,,,
6700.0,1.136,,,,,,,,,,,,,,,
6750.0,1.104,,,,,,,,,,,,,,,
6800.0,1.073,,,,,,,,,,,,,,,
6850.0,1.043,,,,,,,,,,,,,,,
6900.0,1.014,,,,,,,,,,,,,,,
6950.0,0.9862,,,,,,,,,,,,,,,
7000,0.9592,,,,,,,,,,,,,,,
7050.0,0.9331,,,,,,,,,,,,,,,
7100.0,0.908,,,,,,,,,,,,,,,
7150.0,0.8836,,,,,,,,,,,,,,,
7200.0,0.8601,,,,,,,,,,,,,,,
7250.0,0.8374,,,,,,,,,,,,,,,
7300.0,0.8154,,,,,,,,,,,,,,,
7350.0,0.7942,,,,,,,,,,,,,,,
7400.0,0.7736,,,,,,,,,,,,,,,
7450.0,0.7537,,,,,,,,,,,,,,,
7500.0,0.7344,,,,,,,,,,,,,,,
7550.0,0.7158,,,,,,,,,,,,,,,
7600.0,0.6977,,,,,,,,,,,,,,,
7650.0,0.6802,,,,,,,,,,,,,,,
7700.0,0.6633,,,,,,,,,,,,,,,
7750.0,0.6469,,,,,,,,,,,,,,,
7800.0,0.631,,,,,,,,,,,,,,,
7850.0,0.6156,,,,,,,,,,,,,,,
7900.0,0.6006,,,,,,,,,,,,,,,
7950.0,0.5862,,,,,,,,,,,,,,,
8000,0.5721,,,,,,,,,,,,,,,
8050.000000000001,0.5585,,,,,,,,,,,,,,,
8100.0,0.5453,,,,,,,,,,,,,,,
8150.0,0.5324,,,,,,,,,,,,,,,
8200.0,0.52,,,,,,,,,,,,,,,
8250.0,0.5079,,,,,,,,,,,,,,,
8300.0,0.4961,,,,,,,,,,,,,,,
8350.0,0.4847,,,,,,,,,,,,,,,
8400.0,0.4737,,,,,,,,,,,,,,,
8450.0,0.4629,,,,,,,,,,,,,,,
8500.0,0.4525,,,,,,,,,,,,,,,
8550.0,0.4423,,,,,,,,,,,,,,,
8600.0,0.4324,,,,,,,,,,,,,,,
8650.0,0.4228,,,,,,,,,,,,,,,
8700.0,0.4135,,,,,,,,,,,,,,,
8750.0,0.4044,,,,,,,,,,,,,,,
8800.0,0.3956,,,,,,,,,,,,,,,
8850.0,0.387,,,,,,,,,,,,,,,
8900.0,0.3787,,,,,,,,,,,,,,,
8950.0,0.3706,,,,,,,,,,,,,,,
9000,0.3627,,,,,,,,,,,,,,,
9050.0,0.355,,,,,,,,,,,,,,,
9100.0,0.3475,,,,,,,,,,,,,,,
9150.0,0.3402,,,,,,,,,,,,,,,
9200.0,0.3331,,,,,,,,,,,,,,,
9250.0,0.3262,,,,,,,,,,,,,,,
9300.0,0.3195,,,,,,,,,,,,,,,
9350.0,0.3129,,,,,,,,,,,,,,,
9400.0,0.3065,,,,,,,,,,,,,,,
9450.0,0.3003,,,,,,,,,,,,,,,
9500.0,0.2942,,,,,,,,,,,,,,,
9550.0,0.2883,,,,,,,,,,,,,,,
9600.0,0.2825,,,,,,,,,,,,,,,
9650.0,0.2769,,,,,,,,,,,,,,,
9700.0,0.2714,,,,,,,,,,,,,,,
9750.0,0.2661,,,,,,,,,,,,,,,
9800.0,0.2608,,,,,,,,,,,,,,,
9850.0,0.2558,,,,,,,,,,,,,,,
9900.0,0.2508,,,,,,,,,,,,,,,
9950.0,0.246,,,,,,,,,,,,,,,
10000,0.2412,,,,,,,,,,,,,,,
11000,0.1635,,,,,,,,,,,,,,,
12000,0.1152,,,,,,,,,,,,,,,
13000,0.0834,,,,,,,,,,,,,,,
14000,0.0619,,,,,,,,,,,,,,,
15000,0.0469,,,,,,,,,,,,,,,
16000,0.0361,,,,,,,,,,,,,,,
17000,0.0283,,,,,,,,,,,,,,,
18000,0.0225,,,,,,,,,,,,,,,
19000,0.0181,,,,,,,,,,,,,,,
20000,0.0147,,,,,,,,,,,,,,,
25000,0.00605,,,,,,,,,,,,,,,
30000,0.00293,,,,,,,,,,,,,,,
35000,0.00158,,,,,,,,,,,,,,,
40000,0.000931,,,,,,,,,,,,,,,
50000,0.000383,,,,,,,,,,,,,,,
60000,0.000185,,,,,,,,,,,,,,,
80000,5.88e-05,,,,,,,,,,,,,,,
100000,2.42e-05,,,,,,,,,,,,,,,
120000,1.17e-05,,,,,,,,,,,,,,,
150000,4.81e-06,,,,,,,,,,,,,,,
200000,1.53e-06,,,,,,,,,,,,,,,
250000,6.28e-07,,,,,,,,,,,,,,,
300000,2.95e-07,,,,,,,,,,,,,,,
400000,1.01e-07,,,,,,,,,,,,,,,
1000000,3.38e-09,,,,,,,,,,,,,,,
